Id,R,RM,Nome,Squadra,Qt.A,Qt.I,Diff.,Qt.A M,Qt.I M,Diff.M,FVM,FVM M,pred_assists_per90,pred_clean_sheets_per90,pred_goals_against_per90,pred_goals_per90,pred_minutes,pred_tackles_won_per90
5841,P,Por,Svilar,Roma,19,18,1,19,18,1,85,85,,0.15327410399913788,0.481419175863266,,1602.701171875,
4431,P,Por,Carnesecchi,Atalanta,17,16,1,17,16,1,55,55,,0.13220016658306122,0.3883151113986969,,1668.936767578125,
5116,P,Por,Martinez Jo.,Inter,17,17,0,17,17,0,68,68,,0.0011737324530258775,0.03958137333393097,,1126.8978271484375,
4964,P,Por,Vicario,Juventus,17,16,1,17,16,1,70,70,,0.12131459265947342,0.5082234144210815,,1294.8651123046875,
6966,P,Por,Butez,Como,15,16,-1,15,16,-1,50,50,,0.1935480386018753,0.4471374750137329,,1489.2259521484375,
4312,P,Por,Maignan,Milan,15,15,0,15,15,0,52,52,,0.23153944313526154,0.27618417143821716,,1698.771240234375,
2521,P,Por,De Gea,Fiorentina,11,13,-2,11,13,-2,30,30,,0.1668207198381424,0.39551106095314026,,1538.040283203125,
572,P,Por,Meret,Napoli,11,11,0,11,11,0,48,48,,0.1465531885623932,0.20539143681526184,,1357.3538818359375,
133,P,Por,Skorupski,Bologna,10,10,0,10,10,0,32,32,,0.17352615296840668,0.39729928970336914,,1269.9683837890625,
4360,P,Por,Caprile,Cagliari,10,9,1,10,9,1,25,25,,0.08006568253040314,0.46265262365341187,,1222.987060546875,
6482,P,Por,Mandas,Lazio,10,9,1,10,9,1,36,36,,0.10208945721387863,0.33864182233810425,,1101.33154296875,
6462,P,Por,Okoye,Udinese,9,9,0,9,9,0,28,28,,0.12348853796720505,0.49568626284599304,,1242.637451171875,
6534,P,Por,Perri,Torino,9,9,0,9,9,0,26,26,,0.08573771268129349,0.541948676109314,,1315.0155029296875,
7332,P,Por,Bijlow,Genoa,8,8,0,8,8,0,15,15,,0.20125079154968262,0.4293431341648102,,1083.682861328125,
2134,P,Por,Falcone,Lecce,8,8,0,8,8,0,26,26,,0.0988481193780899,0.558195173740387,,1336.1776123046875,
6344,P,Por,Sanchez Ro.,Como,8,8,0,8,8,0,25,25,,0.0012956575956195593,0.05824197456240654,,1050.30419921875,
4236,P,Por,Muric,Sassuolo,7,7,0,7,7,0,15,15,,0.005551336333155632,0.46611806750297546,,1081.2525634765625,
7411,P,Por,Daffara,Parma,6,7,-1,6,7,-1,7,7,,0.006709142122417688,0.07787832617759705,,1072.1474609375,
6248,P,Por,Stankovic F.,Venezia,6,6,0,6,6,0,11,11,,0.08662262558937073,0.5802284479141235,,1078.821044921875,
6415,P,Por,Palmisani,Frosinone,5,4,1,5,4,1,12,12,,0.006709142122417688,0.07787832617759705,,1072.1474609375,
2170,P,Por,Milinkovic-Savic V.,Napoli,5,5,0,5,5,0,5,5,,0.12666060030460358,0.4301256537437439,,1516.384521484375,
4485,P,Por,Thiam,Monza,4,5,-1,4,5,-1,5,5,,0.006252890452742577,0.004094176460057497,,1429.6971435546875,
7463,P,Por,Desplanches,Frosinone,2,2,0,2,2,0,1,1,,0.006709142122417688,0.07787832617759705,,1072.1474609375,
2814,P,Por,Provedel,Inter,2,2,0,2,2,0,5,5,,0.20098942518234253,0.47647377848625183,,1480.7138671875,
6662,P,Por,Corvi,Parma,2,1,1,2,1,1,10,10,,0.050578899681568146,0.3779619038105011,,1154.3629150390625,
4,P,Por,Sportiello,Atalanta,1,1,0,1,1,0,1,1,,0.14422157406806946,0.3320036828517914,,970.5277709960938,
7533,P,Por,Happonen,Bologna,1,1,0,1,1,0,1,1,,0.006709142122417688,0.07787832617759705,,1072.1474609375,
7172,P,Por,Pessina Mas.,Bologna,1,1,0,1,1,0,1,1,,0.053028326481580734,0.26452699303627014,,1144.8350830078125,
6650,P,Por,Sherri,Cagliari,1,1,0,1,1,0,1,1,,0.0014742607017979026,0.43809282779693604,,1076.297119140625,
7301,P,Por,Tornqvist,Monza,1,1,0,1,1,0,10,10,,0.006709142122417688,0.07787832617759705,,1072.1474609375,
2809,P,Por,Vigorito,Como,1,1,0,1,1,0,1,1,,0.016996312886476517,0.14394652843475342,,1082.9222412109375,
6403,P,Por,Christensen O.,Fiorentina,1,1,0,1,1,0,1,1,,0.011530325748026371,0.23561416566371918,,1044.2020263671875,
158,P,Por,Lezzerini,Fiorentina,1,1,0,1,1,0,1,1,,0.006709142122417688,0.07787832617759705,,1072.1474609375,
7466,P,Por,Lolic,Frosinone,1,1,0,1,1,0,1,1,,0.006709142122417688,0.07787832617759705,,1072.1474609375,
219,P,Por,Sommariva,Genoa,1,1,0,1,1,0,1,1,,0.0033279729541391134,0.20753039419651031,,1076.297119140625,
6569,P,Por,Stolz,Genoa,1,1,0,1,1,0,1,1,,0.006709142122417688,0.07787832617759705,,1072.1474609375,
1926,P,Por,Di Gennaro,Inter,1,1,0,1,1,0,1,1,,0.0034826730843633413,0.0947217047214508,,1072.1474609375,
1930,P,Por,Pinsoglio,Juventus,1,1,0,1,1,0,1,1,,0.006709142122417688,0.07787832617759705,,1072.1474609375,
7337,P,Por,Motta,Lazio,1,1,0,1,1,0,1,1,,0.046187493950128555,0.2940155565738678,,1306.9827880859375,
7534,P,Por,Renzetti,Lazio,1,1,0,1,1,0,1,1,,0.006709142122417688,0.07787832617759705,,1072.1474609375,
2815,P,Por,Terracciano,Milan,1,1,0,1,1,0,1,1,,0.11063902080059052,0.15139487385749817,,1331.9141845703125,
6813,P,Por,Torriani,Milan,1,1,0,1,1,0,1,1,,0.006709142122417688,0.07787832617759705,,1072.1474609375,
7475,P,Por,Strajnar,Monza,1,1,0,1,1,0,1,1,,0.006709142122417688,0.07787832617759705,,1072.1474609375,
2845,P,Por,Contini,Napoli,1,1,0,1,1,0,1,1,,0.006709142122417688,0.08723200112581253,,1072.1474609375,
7048,P,Por,De Marzi,Roma,1,1,0,1,1,0,1,1,,0.006709142122417688,0.07787832617759705,,1072.1474609375,
610,P,Por,Gollini,Roma,1,1,0,1,1,0,1,1,,0.21408654749393463,0.41676604747772217,,1129.00830078125,
4518,P,Por,Russo A.,Sassuolo,1,1,0,1,1,0,1,1,,0.00423044990748167,0.07031315565109253,,1150.7078857421875,
4867,P,Por,Turati,Sassuolo,1,1,0,1,1,0,1,1,,0.025222497060894966,0.487007200717926,,1078.3995361328125,
7457,P,Por,Mascardi,Torino,1,1,0,1,1,0,5,5,,0.006709142122417688,0.07787832617759705,,1072.1474609375,
7363,P,Por,Siviero,Torino,1,1,0,1,1,0,1,1,,0.006709142122417688,0.07787832617759705,,1072.1474609375,
543,P,Por,Padelli,Udinese,1,1,0,1,1,0,1,1,,0.13594460487365723,0.5536472797393799,,854.0458984375,
5707,P,Por,Piana,Udinese,1,1,0,1,1,0,1,1,,0.006709142122417688,0.07787832617759705,,1072.1474609375,
6671,P,Por,Grandi,Venezia,1,1,0,1,1,0,1,1,,0.006709142122417688,0.07787832617759705,,1072.1474609375,
7531,P,Por,Pozzi,Venezia,1,1,0,1,1,0,1,1,,0.006709142122417688,0.07787832617759705,,1072.1474609375,
2127,P,Por,Satalino,Sassuolo,1,1,0,1,1,0,1,1,,0.006709142122417688,0.07787832617759705,,1072.1474609375,
7557,P,Por,Penev,Lecce,1,1,0,1,1,0,1,1,,0.006709142122417688,0.07787832617759705,,1072.1474609375,
7560,P,Por,Pisseri,Frosinone,1,1,0,1,1,0,1,1,,0.006709142122417688,0.07787832617759705,,1072.1474609375,
3,P,Por,Radunovic,Cagliari,1,1,0,1,1,0,1,1,,0.03939661756157875,0.5291864275932312,,1086.6351318359375,
4957,P,Por,Montipò,Venezia,1,1,0,1,1,0,1,1,,0.10386151075363159,0.5135165452957153,,1283.1099853515625,
4468,P,Por,Bleve,Lecce,1,1,0,1,1,0,1,1,,0.006709142122417688,0.07787832617759705,,1072.1474609375,
7603,P,Por,Grabara,Juventus,1,1,0,1,1,0,1,1,,0.091097891330719,0.47586965560913086,,1431.8426513671875,
7611,P,Por,Mrozek,Udinese,1,1,0,1,1,0,1,1,,0.006709142122417688,0.07787832617759705,,1072.1474609375,
2874,P,Por,Ghidotti,Parma,1,1,0,1,1,0,1,1,,0.006709142122417688,0.07787832617759705,,1072.1474609375,
7626,P,Por,Pompei,Atalanta,1,1,0,1,1,0,1,1,,0.006709142122417688,0.07787832617759705,,1072.1474609375,
254,D,E;W,Dimarco,Inter,31,32,-1,29,30,-1,240,240,0.1395891308784485,,,0.15218238532543182,1383.356201171875,0.6269448399543762
7181,D,E,Wesley,Roma,18,17,1,17,16,1,87,87,0.047209061682224274,,,0.04292633756995201,1287.3572998046875,0.7212023735046387
4998,D,E,Molina N.,Roma,18,18,0,18,18,0,78,78,0.06025892123579979,,,0.03499506413936615,1157.5499267578125,0.8502523899078369
2788,D,Dc,Bremer,Juventus,16,15,1,16,15,1,60,60,0.054821230471134186,,,0.03555171936750412,1371.4193115234375,0.7472589015960693
2296,D,Dc,Mancini,Roma,16,15,1,16,15,1,50,50,0.031275056302547455,,,0.04252953082323074,1515.505615234375,0.7389686107635498
4159,D,Dc,Akanji,Inter,15,16,-1,15,16,-1,47,47,0.015082192607223988,,,0.03491024672985077,1360.3480224609375,0.7388995885848999
4409,D,Dc,Rrahmani,Napoli,15,14,1,15,14,1,51,51,0.030750209465622902,,,0.04057992622256279,1308.4381103515625,0.6118513941764832
2120,D,Dc,Bastoni,Inter,14,14,0,14,14,0,43,43,0.058123648166656494,,,0.038209591060876846,1417.7249755859375,0.7139283418655396
4976,D,Dd;Dc,Kalulu,Juventus,14,13,1,14,14,0,47,49,0.044925857335329056,,,0.03790397197008133,1419.7957763671875,0.6759368777275085
5022,D,Dc,Pavlovic,Milan,14,14,0,14,14,0,49,49,0.05481772497296333,,,0.04249768331646919,1263.8502197265625,0.7059091925621033
5833,D,Dc,Gila,Milan,13,12,1,13,12,1,31,31,0.02503788471221924,,,0.03542709723114967,1470.427001953125,0.5525209307670593
4317,D,Dc,N'Dicka,Roma,13,13,0,13,13,0,42,42,0.04232079163193703,,,0.0330701544880867,1380.81689453125,0.8281039595603943
6956,D,Dc,Solet,Udinese,13,13,0,13,13,0,46,46,0.03763885051012039,,,0.03659096732735634,1313.19921875,0.4653923511505127
6217,D,Dc,Bisseck,Inter,12,11,1,12,11,1,36,36,0.06351129710674286,,,0.07315349578857422,1082.3858642578125,0.5248950123786926
2514,D,Dc,Stones,Inter,12,12,0,12,12,0,25,25,0.015833698213100433,,,0.03819483146071434,1076.8756103515625,0.5516703128814697
2816,D,Dd;E,Di Lorenzo,Napoli,12,12,0,12,12,0,39,39,0.0601869598031044,,,0.04207431897521019,1456.28662109375,0.590377151966095
5750,D,Dc,Ostigard,Genoa,11,11,0,11,11,0,41,41,0.05141660198569298,,,0.042746271938085556,1405.8929443359375,0.52189701795578
4807,D,Dc,Hermoso,Roma,11,10,1,11,10,1,26,26,0.046261221170425415,,,0.039115648716688156,1431.4931640625,0.8422046899795532
5982,D,E,Spence,Inter,11,12,-1,10,11,-1,37,35,0.043813738971948624,,,0.03646886348724365,1257.6395263671875,0.5461647510528564
5526,D,Dc,Scalvini,Atalanta,10,10,0,10,10,0,28,28,0.05574793368577957,,,0.03733540326356888,1234.1885986328125,0.9706711173057556
6869,D,Dc,Ramon,Como,10,10,0,10,10,0,31,31,0.045037392526865005,,,0.03568873554468155,1274.654541015625,0.7116111516952515
5641,D,Dd;Dc,Chalobah T.,Como,10,9,1,11,10,1,32,34,0.039711467921733856,,,0.042034752666950226,1415.502197265625,0.5886989235877991
5885,D,Dd;E,Dodò,Fiorentina,9,10,-1,9,10,-1,20,20,0.03664708510041237,,,0.034898143261671066,1516.9417724609375,0.7702683210372925
5514,D,Ds;Dc,Vasquez,Genoa,9,9,0,10,10,0,30,33,0.021299205720424652,,,0.02903115190565586,1507.22900390625,0.7024734616279602
4994,D,Dd;E,Vojvoda,Udinese,9,8,1,9,8,1,19,19,0.05996456369757652,,,0.033806268125772476,1161.162109375,0.8118870854377747
5555,D,Ds;E,Kamara H.,Udinese,9,6,3,9,6,3,12,12,0.009538776241242886,,,0.023038236424326897,1040.2188720703125,0.5226054787635803
554,D,Dd;E,Zappacosta,Atalanta,8,8,0,8,8,0,19,19,0.07202775031328201,,,0.08158225566148758,1264.41552734375,0.7522628903388977
4734,D,Ds;E,Miranda J.,Bologna,8,8,0,8,8,0,23,23,0.07039127498865128,,,0.03585447371006012,1363.9744873046875,0.9608545899391174
4657,D,B;Dd;E,Celik,Juventus,8,8,0,9,9,0,16,18,0.03195307031273842,,,0.035219114273786545,1308.73095703125,0.7517520785331726
5520,D,Dd;Ds;E,Cambiaso,Juventus,8,9,-1,9,10,-1,18,21,0.06647010892629623,,,0.04631233587861061,1376.287841796875,0.7915071845054626
6320,D,Dc,Doekhi,Lazio,8,7,1,8,7,1,16,16,0.050956908613443375,,,0.050225477665662766,1479.7152099609375,0.7752900123596191
6989,D,Dc,Tiago Gabriel,Lecce,8,7,1,8,7,1,20,20,0.020354773849248886,,,0.02358360029757023,1354.602294921875,0.456344872713089
6496,D,Ds;E,Bartesaghi,Milan,8,8,0,8,8,0,22,22,0.020231135189533234,,,0.023806363344192505,1276.25341796875,0.38190144300460815
1852,D,Ds;E,Spinazzola,Napoli,8,8,0,8,8,0,25,25,0.05631626769900322,,,0.0379304476082325,1166.0692138671875,0.4942929446697235
6664,D,B;Dd;E,Delprato,Parma,8,8,0,8,8,0,21,24,0.019278522580862045,,,0.023694785311818123,1290.958740234375,0.41386136412620544
5862,D,Ds;E,Valeri,Parma,8,8,0,8,8,0,22,22,0.07979824393987656,,,0.04904836043715477,1380.629150390625,0.7601824998855591
7529,D,Dc,Koulierakis,Roma,8,8,0,8,8,0,15,15,0.04909287765622139,,,0.035385698080062866,1383.86083984375,0.4575481712818146
6495,D,Dc,Comuzzo,Torino,8,6,2,8,6,2,13,13,0.02749902382493019,,,0.03273028880357742,1213.162109375,0.46332037448883057
6727,D,Dd;E,Couto,Como,8,8,0,8,8,0,25,25,0.08186742663383484,,,0.04468749463558197,1083.11669921875,1.0323421955108643
5675,D,Ds;Dc,Theate,Bologna,8,8,0,9,9,0,20,22,0.030689114704728127,,,0.034858498722314835,1395.925048828125,0.7797818779945374
4137,D,Dc,Diego Carlos,Parma,8,8,0,8,8,0,26,26,0.02640582248568535,,,0.03661812096834183,1146.6949462890625,0.8117356896400452
6046,D,Dc,Hien,Atalanta,7,8,-1,7,8,-1,11,11,0.02967733144760132,,,0.033224254846572876,1288.82470703125,0.6161840558052063
6042,D,Dc,Lucumì,Juventus,7,8,-1,7,8,-1,17,17,0.024556424468755722,,,0.03216121345758438,1438.6644287109375,0.727279543876648
4433,D,Dd;E,Zortea,Bologna,7,6,1,7,6,1,19,19,0.053579721599817276,,,0.04288563132286072,1272.8790283203125,0.7630173563957214
4210,D,Dc,Mina,Cagliari,7,8,-1,7,8,-1,20,20,0.046267494559288025,,,0.03579377755522728,1568.2081298828125,0.7017265558242798
5701,D,B;Ds;E,Obert,Cagliari,7,7,0,7,7,0,15,17,0.04145875200629234,,,0.037837326526641846,1326.4407958984375,0.6158893704414368
5365,D,Dc,Dragusin,Fiorentina,7,8,-1,7,8,-1,20,20,0.014440354891121387,,,0.030352717265486717,1085.7100830078125,0.6077589988708496
6531,D,Dd;Ds;E,Jimenez A.,Fiorentina,7,8,-1,8,9,-1,18,21,0.06290280818939209,,,0.05532142147421837,1004.5293579101562,0.7374445199966431
7469,D,Ds;Dc,Bracaglia,Frosinone,7,5,2,7,5,2,15,17,0.007835613563656807,,,0.01372873317450285,1072.1474609375,0.14714021980762482
5620,D,Ds;E,Tavares N.,Lazio,7,6,1,7,6,1,25,25,0.05385402962565422,,,0.066248819231987,1150.0635986328125,0.8571606874465942
4401,D,Dc,Gabbia,Milan,7,7,0,7,7,0,15,15,0.028705138713121414,,,0.04335656762123108,1323.8876953125,0.7172750234603882
7485,D,Ds;E,Mangas,Monza,7,6,1,7,6,1,15,15,0.04153753072023392,,,0.0572098046541214,1118.470458984375,0.6883454918861389
6672,D,Dc,Idzes,Sassuolo,7,7,0,7,7,0,19,19,0.01770046353340149,,,0.03628380596637726,1493.8126220703125,0.602414608001709
6642,D,Dc,Coco,Torino,7,7,0,7,7,0,14,14,0.02602912113070488,,,0.024307984858751297,1377.125732421875,0.8222750425338745
5010,D,Dc,Ismajli,Torino,7,7,0,7,7,0,13,13,0.02481544017791748,,,0.024988973513245583,1335.2318115234375,0.7580130100250244
4664,D,Dc,Badiashile,Napoli,7,7,0,7,7,0,18,18,0.02283666655421257,,,0.023694632574915886,1109.40576171875,0.9321979284286499
7580,D,Dc,Sutalo J.,Lazio,7,7,0,7,7,0,19,19,0.019396305084228516,,,0.04098626226186752,1316.3858642578125,0.6513364315032959
7220,D,Dd;E,Belghali,Torino,7,7,0,7,7,0,20,20,0.0419471338391304,,,0.0944104939699173,1245.7554931640625,0.529984712600708
2640,D,Ds;Dc,Kolasinac,Atalanta,6,5,1,7,6,1,8,10,0.03098032809793949,,,0.03314400091767311,1155.3712158203125,0.6376631855964661
4887,D,Dd;E,Bellanova,Atalanta,6,6,0,6,6,0,17,17,0.061359379440546036,,,0.04110747203230858,1234.71728515625,0.8364660143852234
7219,D,Ds;E,Bernasconi,Atalanta,6,6,0,6,6,0,18,18,0.024096783250570297,,,0.023920200765132904,1143.588134765625,0.42047280073165894
7212,D,Ds;Dc,Heggem,Bologna,6,6,0,6,7,-1,15,17,0.015074879862368107,,,0.021896738559007645,1215.2484130859375,0.3301852345466614
5678,D,Dd;E,Holm,Bologna,6,5,1,6,5,1,13,13,0.08211132138967514,,,0.05734673887491226,1082.6336669921875,0.8079359531402588
7414,D,Ds;E,Kaiki,Como,6,7,-1,6,7,-1,13,13,0.007835613563656807,,,0.01372873317450285,1072.1474609375,0.14714021980762482
6867,D,Ds;E,Valle,Como,6,6,0,6,6,0,21,21,0.07116501033306122,,,0.06321527063846588,1156.61376953125,0.6538238525390625
7410,D,Ds;Dc,Viery,Fiorentina,6,6,0,7,7,0,12,14,0.007835613563656807,,,0.01372873317450285,1072.1474609375,0.14714021980762482
4952,D,Dc,Monterisi,Frosinone,6,6,0,6,6,0,13,13,0.03523886576294899,,,0.02699911966919899,1135.6336669921875,0.4289045035839081
6238,D,Dd;E,Oyono A.,Frosinone,6,5,1,6,5,1,10,10,0.01922755315899849,,,0.02284979820251465,1112.458740234375,0.3864718973636627
6660,D,Dc,Marcandalli,Genoa,6,6,0,6,6,0,14,14,0.019135218113660812,,,0.022568270564079285,1282.834716796875,0.3877760171890259
4177,D,Dd;Dc,Pavard,Inter,6,6,0,7,7,0,14,16,0.03504795581102371,,,0.06126641109585762,1142.8427734375,0.8351294994354248
5877,D,B;Ds;E,Carlos Augusto,Inter,6,7,-1,7,8,-1,20,22,0.07147354632616043,,,0.045919161289930344,1111.0875244140625,0.6404784321784973
4817,D,Ds;E,Pedraza,Lazio,6,5,1,6,5,1,14,14,0.07253322750329971,,,0.048036880791187286,1142.7760009765625,0.925978422164917
2188,D,Dd;Ds;E,Marusic,Lazio,6,6,0,6,6,0,20,23,0.027917280793190002,,,0.042099639773368835,1359.502685546875,0.7361007928848267
6990,D,Dd;E,Veiga D.,Lecce,6,5,1,6,5,1,12,12,0.02357601374387741,,,0.028650762513279915,1418.385009765625,0.8191656470298767
4502,D,Ds;E,Gallo,Lecce,6,6,0,6,6,0,12,12,0.040308643132448196,,,0.03341835364699364,1466.7801513671875,0.7709455490112305
4751,D,Dc,Tomori,Milan,6,7,-1,6,7,-1,8,8,0.03266448155045509,,,0.029049547389149666,1324.4053955078125,0.7338131070137024
6202,D,Dc,Beukema,Napoli,6,6,0,6,6,0,12,12,0.028192684054374695,,,0.0360773541033268,1333.761962890625,0.6392330527305603
2724,D,Dc,Buongiorno,Napoli,6,7,-1,6,7,-1,15,15,0.023273631930351257,,,0.0376301035284996,1363.9608154296875,0.8016334772109985
6485,D,Dd;Dc,Kristensen T.,Atalanta,6,7,-1,7,8,-1,20,22,0.04712546989321709,,,0.041224878281354904,1363.1220703125,0.7354273200035095
7329,D,Ds;E,Obrador,Sassuolo,6,6,0,6,6,0,13,13,0.036195915192365646,,,0.02749946340918541,1112.458740234375,0.480019748210907
7069,D,E,Fortini,Torino,6,5,1,5,4,1,12,12,0.029651816934347153,,,0.038975976407527924,1066.928466796875,0.33859947323799133
7564,D,Ds;Dc,Leysen F.,Sassuolo,6,5,1,7,6,1,12,14,0.014286983758211136,,,0.022560102865099907,1120.9952392578125,0.32882067561149597
4705,D,Dc,Balerdi,Roma,6,6,0,6,6,0,11,11,0.027356421574950218,,,0.02982652746140957,1302.6986083984375,0.8149088621139526
4147,D,Dc,Caleta-Car,Sassuolo,6,6,0,6,6,0,15,15,0.021764356642961502,,,0.03541284054517746,1252.395263671875,0.7412583231925964
7621,D,Dd;E,Sugawara,Cagliari,6,6,0,6,6,0,15,15,0.0881493017077446,,,0.0538034588098526,1252.579345703125,0.7613109946250916
7532,D,Dc,Kofler,Cagliari,5,5,0,5,5,0,8,8,0.007835613563656807,,,0.01372873317450285,1072.1474609375,0.14714021980762482
7274,D,Dd;Dc,Zè Pedro,Cagliari,5,5,0,6,6,0,13,15,0.016213413327932358,,,0.022219926118850708,1146.732177734375,0.36889564990997314
6893,D,Dc,Kempf,Como,5,5,0,5,5,0,13,13,0.03221268951892853,,,0.039409056305885315,1457.2423095703125,0.7633602619171143
7294,D,Ds;Dc,Valdepenas,Fiorentina,5,6,-1,6,7,-1,16,18,0.017059065401554108,,,0.01698250323534012,1072.1474609375,0.14714021980762482
7467,D,Dc,Calvani,Frosinone,5,4,1,5,4,1,13,13,0.007835613563656807,,,0.01372873317450285,1072.1474609375,0.14714021980762482
6766,D,Ds;Dc,Kelly L.,Juventus,5,5,0,6,6,0,12,14,0.029336903244256973,,,0.03327237069606781,1306.76708984375,0.595606803894043
6632,D,Dc,Gaspar K.,Lecce,5,5,0,5,5,0,12,12,0.06015664339065552,,,0.04141063615679741,1305.4742431640625,0.9777126908302307
5739,D,Dd;Dc,De Winter,Milan,5,3,2,6,4,2,20,22,0.03197706863284111,,,0.03917936608195305,1224.8388671875,0.6317563056945801
5840,D,B;Ds;E,Olivera,Napoli,5,5,0,5,6,-1,13,15,0.06213296577334404,,,0.059751980006694794,1156.8114013671875,0.766487181186676
6631,D,Dc,Ghilardi,Roma,5,4,1,5,4,1,10,10,0.025903992354869843,,,0.031211892142891884,1163.345458984375,0.4392964839935303
5851,D,Ds;E,Doig,Sassuolo,5,4,1,5,4,1,10,10,0.0461193285882473,,,0.037523701786994934,1237.1243896484375,0.6528688073158264
7253,D,Dc,Bella-Kotchap,Venezia,5,6,-1,5,6,-1,13,13,0.02357427403330803,,,0.03054853528738022,1156.2205810546875,0.4770725667476654
4845,D,Dd;Ds;E,Correia T.,Venezia,5,4,1,5,4,1,12,12,0.07832763344049454,,,0.047650765627622604,1281.05224609375,0.8060452342033386
5695,D,Ds;E,Haps,Venezia,5,5,0,5,5,0,10,10,0.06432653963565826,,,0.04940935969352722,1051.5364990234375,0.801874577999115
5751,D,Dd;E,Patterson,Torino,5,5,0,5,5,0,12,12,0.062042396515607834,,,0.026697540655732155,1091.765380859375,0.6931902766227722
2169,D,B;Ds;E,Rodriguez R.,Torino,5,5,0,6,6,0,12,14,0.08966059237718582,,,0.12264706939458847,1091.8951416015625,0.6146954298019409
5578,D,Dd;Dc,Kossounou,Atalanta,4,3,1,4,3,1,12,12,0.026873480528593063,,,0.034571196883916855,1160.5631103515625,0.7444185614585876
7068,D,Dc,Vitik,Bologna,4,5,-1,4,5,-1,10,10,0.016426820307970047,,,0.021896738559007645,1112.458740234375,0.34044086933135986
7268,D,Ds;Dc,Rodriguez Ju.,Cagliari,4,3,1,5,4,1,14,17,0.08966059237718582,,,0.12264706939458847,1091.8951416015625,0.6146954298019409
7014,D,Dd;E,Smolcic I.,Como,4,4,0,4,4,0,10,10,0.03738712519407272,,,0.03997787833213806,1171.069580078125,0.5315266847610474
5603,D,Dc,Pongracic,Fiorentina,4,4,0,4,4,0,8,8,0.01909489370882511,,,0.02571355737745762,1356.985595703125,0.8173004984855652
5449,D,Ds;E,Parisi,Fiorentina,4,5,-1,4,5,-1,10,10,0.046732962131500244,,,0.051042310893535614,1195.4676513671875,0.840240478515625
5757,D,Dc,Cittadini,Frosinone,4,3,1,4,3,1,8,8,0.007835613563656807,,,0.01372873317450285,1072.1474609375,0.14714021980762482
7537,D,Ds;E,Mitaj,Genoa,4,4,0,4,4,0,10,10,0.007835613563656807,,,0.01372873317450285,1072.1474609375,0.14714021980762482
5831,D,Dc,Gatti,Juventus,4,4,0,4,4,0,10,10,0.05802375078201294,,,0.0545157790184021,1183.8494873046875,0.6696217060089111
7012,D,Dc,Provstgaard,Lazio,4,3,1,4,3,1,13,13,0.007835613563656807,,,0.01372873317450285,1072.1474609375,0.14714021980762482
7131,D,Dd;E,Floriani Mussolini,Lazio,4,3,1,4,3,1,10,10,0.007835613563656807,,,0.01372873317450285,1072.1474609375,0.14714021980762482
7240,D,Dc,Siebert,Lecce,4,4,0,4,4,0,12,12,0.01797357201576233,,,0.023031380027532578,1143.588134765625,0.46305087208747864
5838,D,Dd;Ds;E,Birindelli,Monza,4,4,0,5,5,0,12,14,0.05707554146647453,,,0.0611855685710907,1156.6292724609375,0.5930512547492981
5307,D,Dc,Valenti,Parma,4,4,0,4,4,0,10,10,0.024109380319714546,,,0.03471144661307335,1291.5174560546875,0.4554719626903534
6986,D,B;Dd;E,Rensch,Roma,4,5,-1,6,6,0,14,16,0.0773673802614212,,,0.043739203363657,1170.92041015625,0.7475705146789551
4374,D,Dd;Dc,Walukiewicz,Sassuolo,4,4,0,4,4,0,10,12,0.026281211525201797,,,0.028067830950021744,1348.575439453125,0.8217689394950867
7526,D,Dc,Comert,Torino,4,4,0,4,4,0,12,12,0.03722890838980675,,,0.03394234925508499,1184.7435302734375,0.7044776082038879
4263,D,Dc,Kabasele,Udinese,4,4,0,4,4,0,12,12,0.0440417118370533,,,0.041759248822927475,1238.8037109375,0.5234060883522034
5820,D,Dd;Ds;Dc,Bertola,Udinese,4,4,0,6,6,0,10,13,0.01778385043144226,,,0.022219926118850708,1149.4056396484375,0.38668593764305115
5527,D,Dd;E,Zanoli,Udinese,4,4,0,4,4,0,10,10,0.06611436605453491,,,0.0415220744907856,1144.8531494140625,0.5701932907104492
7312,D,Ds;E,Arizala,Udinese,4,4,0,4,4,0,8,8,0.03325112909078598,,,0.021896738559007645,1072.1474609375,0.305129736661911
6890,D,Dc,Moreno M.,Venezia,4,5,-1,4,5,-1,6,6,0.02812451869249344,,,0.032777346670627594,1230.2347412109375,0.6274269819259644
6821,D,Dd;E,Hainaut,Venezia,4,3,1,4,3,1,12,12,0.02513967454433441,,,0.0251623447984457,1115.1024169921875,0.45278048515319824
4375,D,Ds;E,Terzic,Frosinone,4,4,0,4,4,0,8,8,0.05094055086374283,,,0.028842004016041756,1138.62451171875,0.5759326219558716
7563,D,Dd;Ds;E,Favasuli,Napoli,4,4,0,4,5,-1,11,13,0.007835613563656807,,,0.01372873317450285,1072.1474609375,0.14714021980762482
256,D,Ds;Dc,Juan Jesus,Venezia,4,4,0,5,5,0,10,12,0.023199867457151413,,,0.024660710245370865,1141.5869140625,0.6970711350440979
6047,D,Dd;E,Ehizibue,Genoa,4,4,0,4,4,0,10,10,0.04068870469927788,,,0.04133124649524689,1282.0379638671875,0.8000665903091431
5498,D,Dc,Casale,Bologna,3,3,0,3,3,0,5,5,0.007063765544444323,,,0.02962818369269371,1142.8978271484375,0.7612597942352295
7326,D,Dd;Dc,Helland,Bologna,3,2,1,3,2,1,12,12,0.014856384135782719,,,0.021896738559007645,1072.1474609375,0.3690849542617798
7125,D,Ds;E,Idrissi R.,Cagliari,3,3,0,3,3,0,3,3,0.10152344405651093,,,0.1268874555826187,1024.22119140625,0.693152904510498
4378,D,Ds;Dc,Ranieri L.,Fiorentina,3,3,0,3,3,0,10,12,0.023391637951135635,,,0.03743460774421692,1469.9227294921875,0.7072513103485107
7175,D,Dd;E,Joao Mario,Fiorentina,3,3,0,3,3,0,12,12,0.08874135464429855,,,0.1438489854335785,1399.568603515625,0.6098594665527344
7540,D,Dc,Akpoguma,Frosinone,3,3,0,3,3,0,6,6,0.031054941937327385,,,0.024175919592380524,1163.916015625,0.7566725015640259
5273,D,Ds;E,Estupinan,Milan,3,3,0,3,3,0,13,13,0.06101135164499283,,,0.042359609156847,1168.474609375,0.8219730257987976
6659,D,Dc,Lucchesi,Monza,3,4,-1,3,4,-1,11,11,0.007835613563656807,,,0.01372873317450285,1072.1474609375,0.14714021980762482
7238,D,Dd;Dc,Kouadio,Monza,3,3,0,3,3,0,14,10,0.026672499254345894,,,0.026344100013375282,1097.84716796875,0.6313312649726868
4925,D,Ds;Dc,Carboni A.,Monza,3,3,0,4,4,0,9,11,0.029660329222679138,,,0.043114449828863144,1104.888671875,0.8172271251678467
7235,D,Dc,Troilo,Parma,3,3,0,3,3,0,14,14,0.019378192722797394,,,0.023031380027532578,1150.7078857421875,0.46074604988098145
7255,D,Dd;Ds;E,Britschgi,Parma,3,3,0,4,4,0,10,12,0.019862975925207138,,,0.0216306634247303,1213.755126953125,0.22565442323684692
6985,D,Ds;Dc,Candè,Sassuolo,3,3,0,3,3,0,7,8,0.03492983430624008,,,0.03303435072302818,1096.4849853515625,0.6924775242805481
6925,D,Dc,Palma,Udinese,3,2,1,3,2,1,11,11,0.008256983011960983,,,0.0186429712921381,1072.1474609375,0.3584168255329132
5994,D,Ds;Dc,Ebosse,Udinese,3,2,1,3,2,1,5,5,0.017283841967582703,,,0.030301691964268684,1120.53564453125,0.5399574637413025
7538,D,Dc,Halhal,Venezia,3,4,-1,3,4,-1,10,10,0.007835613563656807,,,0.01372873317450285,1072.1474609375,0.14714021980762482
6892,D,Dc,Schingtienne,Venezia,3,3,0,3,3,0,10,10,0.024617396295070648,,,0.028370384126901627,1288.53369140625,0.42895272374153137
6673,D,Ds;Dc,Sverko,Venezia,3,3,0,3,3,0,7,7,0.03372004255652428,,,0.026508376002311707,1030.6160888671875,0.7848526239395142
7478,D,B;Ds;E,Franjic,Venezia,3,2,1,3,2,1,7,7,0.0539374053478241,,,0.04639376327395439,1135.8092041015625,0.5445160269737244
7154,D,Dc,Odenthal,Sassuolo,3,1,2,3,1,2,8,8,0.017872236669063568,,,0.026046022772789,1186.262939453125,0.24910956621170044
7605,D,Dd;E,Tchato,Frosinone,3,3,0,3,3,0,8,8,0.0298590287566185,,,0.03151674568653107,1168.8701171875,0.5840865969657898
6601,D,Dd;Dc,Kambwala,Como,3,3,0,4,4,0,8,9,0.01885986514389515,,,0.02228640392422676,1093.6588134765625,0.252221941947937
5742,D,Dd;Ds;E,Drameh,Genoa,3,3,0,4,4,0,10,12,0.007835613563656807,,,0.01372873317450285,1072.1474609375,0.14714021980762482
7483,D,Ds;E,Alhassane,Bologna,2,2,0,2,2,0,6,6,0.027944594621658325,,,0.060509100556373596,1073.5526123046875,0.22916889190673828
6896,D,Dd;E,Van Der Brempt,Sassuolo,2,2,0,2,2,0,11,11,0.07766544818878174,,,0.03397101163864136,1147.807373046875,0.8152221441268921
6977,D,Dc,Otoa,Genoa,2,2,0,2,2,0,5,5,0.016426820307970047,,,0.021896738559007645,1109.284912109375,0.3641221821308136
7413,D,Ds;E,Puczka,Genoa,2,2,0,2,2,0,3,3,0.007835613563656807,,,0.01372873317450285,1072.1474609375,0.14714021980762482
791,D,Dd;Ds;E,Sabelli,Genoa,2,2,0,2,2,0,5,5,0.025271639227867126,,,0.025855528190732002,1143.05126953125,0.5460930466651917
2263,D,Dd;E,Lazzari,Lazio,2,2,0,2,2,0,5,5,0.026074707508087158,,,0.03151674568653107,1160.677001953125,0.739975094795227
2728,D,Ds;E,Pellegrini Lu.,Lazio,2,2,0,2,2,0,7,7,0.07000181078910828,,,0.05578714236617088,1121.352783203125,0.8958176374435425
6883,D,Dc,Jean,Lecce,2,2,0,2,2,0,4,4,0.07788748294115067,,,0.08426649123430252,1131.98486328125,0.4597139358520508
7182,D,Ds;E,Ndaba,Lecce,2,1,1,2,1,1,5,5,0.01379834022372961,,,0.021896738559007645,1066.928466796875,0.2989749610424042
7525,D,Ds;Dc,Diawara S.,Milan,2,2,0,2,2,0,4,4,0.03403615951538086,,,0.0305526964366436,1125.2801513671875,0.9927418231964111
7476,D,Dd;E,Bakoune,Monza,2,1,1,2,1,1,4,4,0.007835613563656807,,,0.01372873317450285,1072.1474609375,0.14714021980762482
6638,D,Dc,Marin R.,Napoli,2,2,0,2,2,0,8,8,0.08669840544462204,,,0.01706894300878048,1064.2962646484375,0.6321637034416199
7202,D,Dc,Ndiaye,Parma,2,1,1,2,1,1,8,8,0.06583915650844574,,,0.036955825984478,1041.2431640625,0.9304420948028564
252,D,B;Ds;E,Biraghi,Torino,2,2,0,2,2,0,5,6,0.0507965050637722,,,0.033325742930173874,1051.3984375,0.7419769763946533
6021,D,Dd;Dc,Abankwah,Udinese,2,1,1,2,1,1,10,12,0.007835613563656807,,,0.01372873317450285,1072.1474609375,0.14714021980762482
6681,D,Dd;E,Sagrado,Venezia,2,2,0,2,2,0,4,4,0.02310444414615631,,,0.025170734152197838,1276.25341796875,0.41633281111717224
7548,D,Ds;E,Aurelio,Cagliari,2,2,0,2,2,0,5,5,0.044505003839731216,,,0.02445601113140583,1154.5103759765625,0.7114260792732239
6537,D,Dd;Dc,Goglichidze,Monza,2,2,0,3,3,0,5,7,0.015898238867521286,,,0.021896738559007645,1072.1474609375,0.3918706774711609
7573,D,Dd;E,Cinquegrano,Sassuolo,2,1,1,2,1,1,4,4,0.007835613563656807,,,0.01372873317450285,1072.1474609375,0.14714021980762482
5812,D,B;Dd;Ds,Terracciano F.,Milan,2,2,0,3,3,0,4,7,0.018344279378652573,,,0.024792516604065895,1331.9141845703125,0.6836516857147217
7599,D,E,Lulli,Roma,2,1,1,2,1,1,10,10,0.007835613563656807,,,0.01372873317450285,1072.1474609375,0.14714021980762482
7615,D,Dc,Drobnic,Parma,2,1,1,2,1,1,1,1,0.007835613563656807,,,0.01372873317450285,1072.1474609375,0.14714021980762482
487,D,Dd;E,De Silvestri,Bologna,1,1,0,1,1,0,4,4,0.021609339863061905,,,0.04047023132443428,1088.2301025390625,0.5867081880569458
418,D,Dc,Goldaniga,Como,1,1,0,1,1,0,1,1,0.012899904511868954,,,0.027987373992800713,1186.95703125,0.6270052194595337
5424,D,Dc,Amey,Frosinone,1,1,0,1,1,0,1,1,0.007835613563656807,,,0.01372873317450285,1072.1474609375,0.14714021980762482
294,D,Dc,Rugani,Juventus,1,1,0,1,1,0,3,3,0.02798759937286377,,,0.02559361234307289,1032.0643310546875,0.8743816018104553
6039,D,B;Ds;E,Cabal,Juventus,1,1,0,1,1,0,4,4,0.08754650503396988,,,0.07616182416677475,1070.17578125,0.8291047811508179
327,D,Dd;Dc,Patric,Lazio,1,1,0,1,1,0,1,1,0.004976917989552021,,,0.032621849328279495,1085.65380859375,0.7056361436843872
5399,D,Dc,Antov,Monza,1,1,0,1,1,0,2,2,0.015477298758924007,,,0.021896738559007645,1072.1474609375,0.37495267391204834
6809,D,Dc,Marianucci,Napoli,1,1,0,1,1,0,3,3,0.07449627667665482,,,0.025888338685035706,1092.321533203125,0.4572576582431793
5481,D,Dd;Ds;E,Mazzocchi,Venezia,1,1,0,1,1,0,10,12,0.0475531704723835,,,0.03485025838017464,1130.6376953125,0.6403351426124573
6149,D,Ds;E,Carboni F.,Parma,1,1,0,1,1,0,3,3,0.029660329222679138,,,0.043114449828863144,1104.888671875,0.8172271251678467
7260,D,Dc,Ziolkowski,Monza,1,1,0,1,1,0,8,8,0.014948716387152672,,,0.021896738559007645,1061.8714599609375,0.3832404613494873
7156,D,Ds;E,Pieragnolo,Sassuolo,1,1,0,1,1,0,1,1,0.007835613563656807,,,0.01372873317450285,1072.1474609375,0.14714021980762482
7454,D,Ds;Dc,Gomes,Venezia,1,1,0,1,1,0,1,1,0.07298710942268372,,,0.07907742261886597,1080.645751953125,0.714809238910675
7553,D,Dc,Omar Fayed,Frosinone,1,1,0,1,1,0,1,1,0.007835613563656807,,,0.01372873317450285,1072.1474609375,0.14714021980762482
7604,D,Ds;Dc,Maye,Monza,1,1,0,1,1,0,1,1,0.007835613563656807,,,0.01372873317450285,1072.1474609375,0.14714021980762482
6826,D,Dd;E,Dembelè A.,Lecce,1,1,0,1,1,0,2,2,0.10080081969499588,,,0.19350282847881317,1013.051025390625,0.47655200958251953
6875,C,T;A,Paz N.,Como,29,30,-1,27,28,-1,245,245,0.09077797830104828,,,0.14712466299533844,1435.7271728515625,
2194,C,M;C,Calhanoglu,Inter,28,27,1,29,28,1,243,273,0.1144549772143364,,,0.14629356563091278,1178.3214111328125,
4777,C,C;T,McTominay,Napoli,27,28,-1,27,28,-1,220,220,0.07498160749673843,,,0.19222430884838104,1393.9268798828125,
2167,C,W;A,Orsolini,Bologna,25,26,-1,24,25,-1,177,177,0.08573974668979645,,,0.25377750396728516,1262.0352783203125,
2423,C,T;A,Pulisic,Milan,24,25,-1,22,23,-1,150,150,0.10879667848348618,,,0.23767279088497162,1242.078125,
2379,C,C;T,Rabiot,Milan,23,22,1,23,22,1,145,145,0.08400062471628189,,,0.07499124109745026,1153.9537353515625,
7126,C,T,Baturina,Como,20,19,1,19,18,1,105,104,0.06712210178375244,,,0.11913596093654633,1135.0902099609375,
7556,C,T,Mora,Roma,20,19,1,19,18,1,100,100,0.06934657692909241,,,0.188770592212677,1211.8214111328125,
5559,C,C;T,Da Cunha,Como,18,18,0,18,18,0,87,87,0.08226221054792404,,,0.105003222823143,1377.189453125,
1870,C,C,Barella,Inter,18,17,1,18,17,1,81,81,0.09262292087078094,,,0.05905026197433472,1402.29931640625,
2766,C,T;A,Zaniolo,Udinese,18,18,0,17,17,0,80,80,0.07815620303153992,,,0.24552945792675018,1148.5125732421875,
4973,C,C;T,McKennie,Juventus,17,17,0,17,17,0,70,70,0.07281619310379028,,,0.07706885784864426,1361.6719970703125,
2517,C,T,De Bruyne,Napoli,17,15,2,16,14,2,108,108,0.15383461117744446,,,0.19920700788497925,1007.1189575195312,
632,C,W;A,Zaccagni,Lazio,16,16,0,15,15,0,87,84,0.09412644803524017,,,0.11476568877696991,1388.3861083984375,
6908,C,C;T,Atta,Fiorentina,15,17,-2,15,17,-2,78,78,0.08109331876039505,,,0.09211975336074829,1244.196044921875,
5119,C,C;T,Samardzic,Atalanta,13,12,1,13,12,1,44,44,0.08534029126167297,,,0.12705105543136597,1075.0244140625,
6884,C,W;A,Conceicao,Juventus,13,12,1,12,11,1,68,68,0.09417803585529327,,,0.12516629695892334,1284.8155517578125,
7314,C,C;T,Taylor K.,Lazio,13,13,0,13,13,0,53,53,0.07482629269361496,,,0.04543481022119522,1184.66845703125,
5687,C,T,Vlasic,Torino,13,14,-1,12,13,-1,73,73,0.09066352248191833,,,0.0850083976984024,1345.55322265625,
5792,C,M;C,Ederson D.S.,Atalanta,12,12,0,13,13,0,46,51,0.07763230055570602,,,0.05912018567323685,1581.5657958984375,
5800,C,T;A,Gudmundsson A.,Lazio,12,13,-1,11,12,-1,40,40,0.0684254989027977,,,0.05181126669049263,1370.5889892578125,
152,C,C,Zielinski,Inter,12,10,2,12,10,2,45,45,0.10401029884815216,,,0.06063834950327873,1174.576171875,
2606,C,M;C,Modric,Milan,12,12,0,13,13,0,45,50,0.09575937688350677,,,0.060040492564439774,1208.71484375,
6684,C,C;T,Ekkelenkamp,Udinese,12,10,2,12,10,2,57,57,0.09912227839231491,,,0.09454599767923355,1292.3231201171875,
5172,C,C,Jones C.,Inter,12,12,0,12,12,0,47,47,0.08314862847328186,,,0.11055997014045715,1063.1923828125,
4179,C,W;A,Gonzalez N.,Juventus,12,11,1,11,10,1,45,45,0.0195086058229208,,,0.01849921979010105,1097.789794921875,
1850,C,C,Kessiè,Atalanta,12,12,0,12,12,0,47,47,0.06110933795571327,,,0.0682438462972641,1165.6324462890625,
7625,C,W;T,Goncalves P.,Fiorentina,12,12,0,12,12,0,50,50,0.041908491402864456,,,0.05252227932214737,1124.9718017578125,
7129,C,W;A,Rodriguez Je.,Como,11,12,-1,10,11,-1,31,31,0.08966059237718582,,,0.12264706939458847,1091.8951416015625,
5823,C,T,Baldanzi,Genoa,11,11,0,10,10,0,28,25,0.08676525950431824,,,0.11926733702421188,1031.95703125,
7436,C,W;T,Alajbegovic,Juventus,11,12,-1,11,12,-1,42,42,0.007835613563656807,,,0.01372873317450285,1072.1474609375,
4892,C,E;W,Saelemaekers,Milan,11,10,1,12,11,1,35,35,0.08824943006038666,,,0.11663518100976944,1265.7740478515625,
7078,C,W;T,Mastantuono,Fiorentina,11,12,-1,11,12,-1,50,50,0.03611455485224724,,,0.07918771356344223,1097.8831787109375,
6372,C,E;W,Moreira,Milan,11,12,-1,11,12,-1,45,45,0.10878681391477585,,,0.10461372137069702,1180.8575439453125,
184,C,W;T,Bernardeschi,Bologna,10,9,1,10,9,1,27,27,0.08660820126533508,,,0.19633500277996063,1162.781005859375,
6844,C,W;T,Rowe,Atalanta,10,11,-1,10,11,-1,40,42,0.053167447447776794,,,0.10774509608745575,1013.94580078125,
6151,C,M;C,Perrone,Como,10,10,0,11,11,0,34,39,0.051289696246385574,,,0.03747192397713661,1347.119140625,
2848,C,C;T,Frattesi,Lazio,10,7,3,10,7,3,75,75,0.064801886677742,,,0.19342739880084991,1002.5825805664062,
4220,C,C,Zambo Anguissa,Napoli,10,11,-1,10,11,-1,41,41,0.08383612334728241,,,0.09624546766281128,1277.961181640625,
7223,C,W;T,Vergara,Napoli,10,8,2,10,8,2,35,35,0.04982709512114525,,,0.04403558000922203,1109.284912109375,
5589,C,M;C,Konè M.,Roma,10,10,0,11,11,0,42,45,0.0425352118909359,,,0.047316133975982666,1412.506591796875,
5844,C,C;T,Thorstvedt,Sassuolo,10,10,0,10,10,0,39,39,0.08367683738470078,,,0.1041201651096344,1367.0081787109375,
6274,C,E;C,Diouf,Inter,9,8,1,10,9,1,43,45,0.030207497999072075,,,0.07629628479480743,1229.9659423828125,
7070,C,C,Sucic P.,Inter,9,8,1,9,8,1,21,21,0.06183134764432907,,,0.07261215150356293,1135.93701171875,
827,C,M;C,Locatelli,Juventus,9,8,1,10,9,1,33,38,0.04875796660780907,,,0.04587696120142937,1522.8189697265625,
5562,C,C,Thuram K.,Juventus,9,10,-1,9,10,-1,25,25,0.12735913693904877,,,0.2196764051914215,1316.3525390625,
5500,C,W;A,Cancellieri,Lazio,9,9,0,8,8,0,25,25,0.08253320306539536,,,0.11745164543390274,1126.4417724609375,
6398,C,W;A,Isaksen,Lazio,9,9,0,8,8,0,22,22,0.06950737535953522,,,0.1583538055419922,1227.908203125,
5878,C,T,Colpani,Monza,9,8,1,8,7,1,15,13,0.06247280538082123,,,0.16530753672122955,1249.055419921875,
536,C,W,Politano,Napoli,9,10,-1,8,9,-1,37,37,0.09712059795856476,,,0.14900995790958405,1373.0146484375,
779,C,M;C,Cristante,Roma,9,8,1,10,9,1,29,32,0.045552510768175125,,,0.056302689015865326,1448.38525390625,
5735,C,W;T,Volpato,Sassuolo,9,7,2,9,7,2,25,25,0.09566929191350937,,,0.12241940945386887,1053.3582763671875,
5888,C,C;T,Casadei,Torino,9,10,-1,9,10,-1,27,27,0.06140075996518135,,,0.10640938580036163,1168.562744140625,
530,C,C;T,Pellegrini Lo.,Roma,9,10,-1,9,10,-1,20,20,0.07000181078910828,,,0.05578714236617088,1121.352783203125,
2077,C,C;T,Pasalic,Atalanta,8,9,-1,8,9,-1,22,22,0.09157945960760117,,,0.0869487076997757,1144.1583251953125,
2765,C,T,Odgaard,Bologna,8,8,0,7,7,0,17,15,0.09274280816316605,,,0.17367176711559296,1097.4713134765625,
4436,C,W;A,Cambiaghi,Bologna,8,8,0,7,7,0,25,25,0.10168693214654922,,,0.09218446910381317,1129.7833251953125,
1933,C,C,Mandragora,Torino,8,9,-1,8,9,-1,23,23,0.09419918060302734,,,0.12777340412139893,1246.6116943359375,
7472,C,M;C,Calò,Frosinone,8,7,1,9,8,1,27,32,0.007835613563656807,,,0.01372873317450285,1072.1474609375,
4856,C,E;W,Chukwueze,Milan,8,6,2,7,5,2,22,20,0.09497848153114319,,,0.1486988663673401,1023.5964965820312,
4287,C,M;C,Lobotka,Napoli,8,7,1,9,8,1,23,28,0.02458862215280533,,,0.027534933760762215,1482.31640625,
6717,C,C,Konè I.,Sassuolo,8,9,-1,8,9,-1,20,20,0.0425352118909359,,,0.047316133975982666,1412.506591796875,
7551,C,W;T,Schmid,Frosinone,8,8,0,8,8,0,25,25,0.0959719568490982,,,0.10120730102062225,1414.9354248046875,
7618,C,W;A,Hutchinson,Milan,8,8,0,7,7,0,25,22,0.08189353346824646,,,0.08728957176208496,1303.0738525390625,
6833,C,W;A,Mbangula,Bologna,8,8,0,8,8,0,28,28,0.05357486382126808,,,0.06925984472036362,1115.1024169921875,
4364,C,M;C,Gaetano,Atalanta,7,7,0,8,8,0,30,35,0.1038321927189827,,,0.08439215272665024,1089.4573974609375,
5422,C,W,Zalewski,Atalanta,7,6,1,6,5,1,18,15,0.05753953009843826,,,0.054597221314907074,1225.4998779296875,
5858,C,M;C,Ferguson,Bologna,7,7,0,8,8,0,23,27,0.0995793268084526,,,0.1669284999370575,1057.0679931640625,
4870,C,M;C,Adopo,Cagliari,7,6,1,8,7,1,13,16,0.03943980857729912,,,0.03551603853702545,1419.2738037109375,
7311,C,M;C,Romano,Cagliari,7,5,2,8,6,2,21,26,0.05287819355726242,,,0.04401982203125954,1042.7540283203125,
4465,C,M;C,Fagioli,Fiorentina,7,8,-1,8,9,-1,20,25,0.08885904401540756,,,0.048183027654886246,1244.4693603515625,
6294,C,C,Ndour,Fiorentina,7,8,-1,7,8,-1,22,22,0.09111412614583969,,,0.057432305067777634,1139.0911865234375,
5791,C,M;C,Frendrup,Genoa,7,7,0,8,8,0,19,24,0.03743501380085945,,,0.037334609776735306,1516.005126953125,
5685,C,C;T,Koopmeiners,Juventus,7,5,2,7,5,2,15,15,0.07287394255399704,,,0.060880839824676514,1282.227783203125,
4459,C,M;C,Rovella,Lazio,7,6,1,8,7,1,16,19,0.0522410050034523,,,0.03558530658483505,1276.257568359375,
5504,C,M;C,Coulibaly L.,Lecce,7,6,1,8,7,1,17,22,0.01718873158097267,,,0.02341345138847828,1100.9306640625,
6593,C,C,Akinsanmiro,Monza,7,6,1,7,6,1,11,11,0.020231135189533234,,,0.022568270564079285,1135.6336669921875,
6666,C,C,Bernabè,Parma,7,7,0,7,7,0,34,34,0.04998437315225601,,,0.053910646587610245,1308.197021484375,
6190,C,C,Pisilli,Roma,7,5,2,7,5,2,19,19,0.06170804053544998,,,0.06200345978140831,1113.269287109375,
6680,C,M;C,Karlstrom,Udinese,7,6,1,8,7,1,20,23,0.02495432272553444,,,0.02883196994662285,1534.01806640625,
6783,C,T,Unai Gomez,Udinese,7,7,0,6,6,0,16,14,0.07667753100395203,,,0.12913447618484497,1057.2283935546875,
5946,C,M;C,Sow,Genoa,7,7,0,8,8,0,15,20,0.09670305997133255,,,0.04072054475545883,1315.0721435546875,
4479,C,W;T,Elmas,Atalanta,7,7,0,7,7,0,22,22,0.04332439601421356,,,0.04063480347394943,1152.5496826171875,
7619,C,W;A,Monteiro J.,Lecce,7,7,0,6,6,0,23,23,0.12036555260419846,,,0.1196490079164505,1202.7130126953125,
5680,C,M;C,Sarr P.,Juventus,7,7,0,8,8,0,25,27,0.0344453901052475,,,0.04441869631409645,1265.7467041015625,
795,C,W,El Shaarawy,Genoa,7,7,0,6,6,0,25,23,0.10850738734006882,,,0.14352118968963623,980.4528198242188,
5298,C,M;C,Pobega,Bologna,6,6,0,7,7,0,12,15,0.08084994554519653,,,0.1027202159166336,1124.281494140625,
4260,C,M;C,Winks,Cagliari,6,6,0,7,7,0,15,20,0.0279533714056015,,,0.031683389097452164,1181.1673583984375,
6010,C,C;T,Fazzini,Cagliari,6,7,-1,7,8,-1,23,23,0.05593013018369675,,,0.0719020739197731,1057.6533203125,
7412,C,M;C,Milla,Como,6,5,1,6,5,1,30,35,0.08415549993515015,,,0.14404679834842682,1323.15087890625,
5036,C,C;T,Caqueret,Como,6,6,0,6,6,0,17,17,0.08589426428079605,,,0.04892368242144585,1192.3707275390625,
6678,C,T,Liberali,Como,6,6,0,5,5,0,21,20,0.007835613563656807,,,0.01372873317450285,1072.1474609375,
7464,C,M;C,Oulai,Fiorentina,6,6,0,7,7,0,18,23,0.007835613563656807,,,0.01372873317450285,1072.1474609375,
5998,C,W,Zerbin,Frosinone,6,5,1,5,4,1,12,10,0.060932282358407974,,,0.030810927972197533,1181.014892578125,
6020,C,E;C,Ellertsson,Genoa,6,6,0,7,7,0,16,19,0.03565296158194542,,,0.03675639256834984,1436.2283935546875,
5761,C,W,Zhegrova,Juventus,6,6,0,5,5,0,17,17,0.08691927045583725,,,0.2587940990924835,1016.6685180664062,
6549,C,W,Pierotti,Lecce,6,6,0,5,5,0,19,17,0.043263863772153854,,,0.04542624205350876,1307.156494140625,
2741,C,M;C,Pessina,Monza,6,7,-1,7,8,-1,15,20,0.0227595716714859,,,0.021518077701330185,1144.8350830078125,
4349,C,M;C,Nicolussi Caviglia,Parma,6,6,0,6,7,-1,16,21,0.08506297320127487,,,0.06465227901935577,1055.51708984375,
2528,C,M;C,Matic,Sassuolo,6,5,1,6,6,0,15,17,0.03383307531476021,,,0.02550245262682438,1318.9471435546875,
6677,C,C;T,Adzic,Sassuolo,6,5,1,6,5,1,16,16,0.10579255223274231,,,0.16571621596813202,1014.444580078125,
7036,C,C;T,Bakola,Sassuolo,6,5,1,6,5,1,14,14,0.08757995069026947,,,0.09885493665933609,1080.3004150390625,
7060,C,E;W,Cacciamani,Torino,6,5,1,7,6,1,24,24,0.007835613563656807,,,0.01372873317450285,1072.1474609375,
6218,C,W;T,Oristanio,Torino,6,7,-1,6,7,-1,12,14,0.07817579805850983,,,0.07870230823755264,1186.96044921875,
7198,C,M;C,Piotrowski,Udinese,6,5,1,7,6,1,15,17,0.04849306493997574,,,0.05180040001869202,1177.6259765625,
5674,C,M;C,Basic,Venezia,6,6,0,7,7,0,19,20,0.08308202028274536,,,0.08797518163919449,1168.980224609375,
7146,C,E;M,Tourè I.,Monza,6,6,0,7,8,-1,14,17,0.03262465074658394,,,0.07065162062644958,1019.2332153320312,
7624,C,C,Braganca,Torino,6,6,0,6,6,0,20,20,0.0694660022854805,,,0.10726063698530197,1147.0137939453125,
7528,C,M;C,Amondarain,Bologna,5,5,0,6,6,0,10,13,0.007835613563656807,,,0.01372873317450285,1072.1474609375,
6640,C,W,Felici,Cagliari,5,5,0,4,4,0,7,7,0.09608591347932816,,,0.10905218869447708,1084.290283203125,
7409,C,W;T,Meichtry,Genoa,5,5,0,5,5,0,11,13,0.007835613563656807,,,0.01372873317450285,1072.1474609375,
5301,C,E;W,Luis Henrique,Inter,5,4,1,6,5,1,12,14,0.06512347608804703,,,0.06142570078372955,1284.3951416015625,
6629,C,C;T,Dele-Bashiru,Lazio,5,5,0,5,5,0,13,13,0.05299483612179756,,,0.09205839782953262,1079.232177734375,
7203,C,M;C,Jashari,Milan,5,4,1,5,4,1,13,13,0.02398986741900444,,,0.023609455674886703,1066.928466796875,
6898,C,M;C,Keita M.,Parma,5,5,0,6,6,0,15,17,0.04561425372958183,,,0.03219366446137428,1416.572265625,
7535,C,M;C,Fitz-Jim,Torino,5,4,1,6,5,1,18,23,0.06047600135207176,,,0.08059603720903397,1143.4464111328125,
6170,C,M;C,Gineitis,Torino,5,5,0,6,6,0,12,15,0.04534657672047615,,,0.0652490109205246,1218.5057373046875,
5507,C,M;C,Busio,Venezia,5,5,0,6,6,0,14,17,0.062476202845573425,,,0.09016567468643188,1255.7784423828125,
5319,C,C,Sohm,Venezia,5,5,0,5,5,0,11,11,0.028422020375728607,,,0.037691909819841385,1108.828369140625,
6994,C,C;T,Perez K.,Venezia,5,5,0,5,5,0,15,15,0.0414639450609684,,,0.04225800186395645,1056.2164306640625,
6618,C,W;T,Cissè A.,Milan,5,3,2,5,3,2,24,24,0.060520656406879425,,,0.07751693576574326,1121.66943359375,
22,C,M;C,De Roon,Roma,4,4,0,4,5,-1,10,13,0.04267938807606697,,,0.03945617377758026,1405.7799072265625,
6054,C,M;C,Moro N.,Bologna,4,4,0,4,4,0,14,17,0.0632835105061531,,,0.05867272615432739,1064.25,
6895,C,W;A,Dominguez B.,Sassuolo,4,3,1,3,2,1,12,12,0.06749016791582108,,,0.05145450308918953,1021.5587158203125,
7127,C,W;A,Addai,Como,4,5,-1,4,4,0,10,8,0.04687230661511421,,,0.12107934802770615,1071.073486328125,
6206,C,C;T,Fabbian,Parma,4,4,0,4,4,0,8,8,0.06808155030012131,,,0.08774491399526596,1013.6455688476562,
7473,C,M;C,Cichella,Frosinone,4,4,0,4,4,0,12,15,0.007835613563656807,,,0.01372873317450285,1072.1474609375,
6506,C,W,Fini ,Frosinone,4,3,1,3,2,1,13,13,0.007835613563656807,,,0.01372873317450285,1072.1474609375,
7341,C,M;C,Amorim,Genoa,4,4,0,5,5,0,11,13,0.014856384135782719,,,0.021896738559007645,1072.1474609375,
4970,C,W;T,Messias,Genoa,4,3,1,4,3,1,8,8,0.017388097941875458,,,0.021896738559007645,1089.0595703125,
2857,C,W;T,Traorè Hj.,Genoa,4,5,-1,4,5,-1,11,11,0.05209437385201454,,,0.05726585537195206,1104.432861328125,
2529,C,C,Mkhitaryan,Inter,4,5,-1,4,5,-1,9,9,0.09019407629966736,,,0.08685874938964844,1193.445556640625,
4911,C,C,Douglas Luiz,Juventus,4,4,0,4,4,0,15,15,0.06188905984163284,,,0.0601934939622879,1068.3289794921875,
333,C,M;C,Cataldi,Lazio,4,4,0,4,5,-1,12,15,0.04331190511584282,,,0.039273541420698166,1295.029296875,
7322,C,M;C,Ngom,Lecce,4,4,0,5,5,0,12,15,0.016426820307970047,,,0.021896738559007645,1109.284912109375,
6015,C,C;T,Berisha M.,Lecce,4,5,-1,4,5,-1,12,12,0.0994032770395279,,,0.14293226599693298,1059.7142333984375,
7318,C,C;T,Gandelman,Lecce,4,5,-1,4,5,-1,10,10,0.052853912115097046,,,0.10793855041265488,1128.240478515625,
5453,C,M;C,Ricci S.,Como,4,4,0,4,4,0,12,15,0.07789532095193863,,,0.046562280505895615,1289.298828125,
4199,C,C;T,Loftus-Cheek,Milan,4,4,0,4,4,0,16,16,0.08062168955802917,,,0.1041855439543724,1078.4365234375,
6252,C,C;T,Folorunsho,Monza,4,4,0,4,4,0,17,17,0.0632319301366806,,,0.06329306215047836,1161.3017578125,
6207,C,W;A,Almqvist,Parma,4,4,0,3,3,0,11,11,0.054276078939437866,,,0.05114205181598663,1145.573486328125,
6005,C,M;C,Ilkhan,Torino,4,4,0,5,5,0,8,10,0.05342020466923714,,,0.04184481129050255,1117.745849609375,
6827,C,W;A,Njie,Fiorentina,4,4,0,4,3,1,28,28,0.0921013280749321,,,0.21276786923408508,1050.1065673828125,
7208,C,M;C,Miller L.,Udinese,4,3,1,4,3,1,12,15,0.04125388711690903,,,0.03880012035369873,1130.534423828125,
7550,C,M;C,Grillitsch,Frosinone,4,5,-1,4,5,-1,10,13,0.03965483605861664,,,0.03448864072561264,1206.7420654296875,
7579,C,C;T,Massolin,Cagliari,4,4,0,4,4,0,12,12,0.007835613563656807,,,0.01372873317450285,1072.1474609375,
6024,C,M;C,Sulemana I.,Sassuolo,3,3,0,3,3,0,7,8,0.06180208548903465,,,0.09054676443338394,1149.730712890625,
1871,C,M;C,Deiola,Cagliari,3,3,0,3,3,0,8,8,0.06707189232110977,,,0.054939717054367065,1152.67578125,
4947,C,C;T,Brescianini,Fiorentina,3,3,0,3,3,0,11,11,0.08531410992145538,,,0.13708654046058655,1008.38720703125,
6241,C,C;T,Gelli F.,Frosinone,3,3,0,3,3,0,6,6,0.015549878589808941,,,0.021896738559007645,1135.6336669921875,
6917,C,M;C,Masini,Frosinone,3,2,1,3,2,1,8,10,0.02909662202000618,,,0.022568270564079285,1118.2762451171875,
6503,C,M;C,Stankovic A.,Inter,3,3,0,3,3,0,7,9,0.007580123376101255,,,0.014901993796229362,1078.821044921875,
7248,C,M;C,Gorter,Lecce,3,1,2,3,1,2,12,15,0.016260307282209396,,,0.01698250323534012,922.7310180664062,
5457,C,M;C,Maleh,Lecce,3,2,1,3,2,1,7,9,0.03459395095705986,,,0.04912905767560005,1078.4320068359375,
5295,C,C;W,Musah,Milan,3,2,1,3,2,1,15,15,0.06629801541566849,,,0.10116631537675858,1040.321044921875,
7477,C,M;C,Colombo L.,Monza,3,3,0,3,3,0,4,5,0.08893705159425735,,,0.16466303169727325,1310.348876953125,
5131,C,M;C,Gilmour,Napoli,3,3,0,3,3,0,10,10,0.051135994493961334,,,0.03839591518044472,1146.0498046875,
7138,C,M;C,Ordonez C.,Parma,3,2,1,3,2,1,10,13,0.038513101637363434,,,0.034452758729457855,1144.3521728515625,
7536,C,W;A,Diallo O.,Parma,3,3,0,2,2,0,12,10,0.05152984336018562,,,0.07281585782766342,1027.4228515625,
7183,C,W;A,Aboukhlal,Torino,3,3,0,2,2,0,5,4,0.08144032210111618,,,0.11898477375507355,1028.5308837890625,
5872,C,C;T,Helgason,Venezia,3,3,0,3,3,0,3,3,0.04649725183844566,,,0.08090927451848984,1074.4110107421875,
801,C,M;C,Gagliardini,Cagliari,3,3,0,4,4,0,8,9,0.03407444432377815,,,0.029496008530259132,1272.9659423828125,
7232,C,T;A,Fernandez T.,Venezia,3,3,0,2,2,0,8,6,0.050513703376054764,,,0.048588529229164124,1063.9329833984375,
6225,C,M;C,El Azzouzi O.,Bologna,2,2,0,2,2,0,10,12,0.07497020065784454,,,0.03785951808094978,1304.4696044921875,
6815,C,W,Fadera,Cagliari,2,2,0,2,2,0,12,10,0.09598733484745026,,,0.07041957229375839,1089.2667236328125,
6903,C,C;T,Hasa,Frosinone,2,2,0,2,2,0,5,5,0.007835613563656807,,,0.01372873317450285,1072.1474609375,
6980,C,W,Venturino,Genoa,2,2,0,2,2,0,4,4,0.01194455660879612,,,0.06761544197797775,1077.508056640625,
6191,C,M;C,Belahyane,Lazio,2,1,1,2,1,1,3,3,0.047164563089609146,,,0.032860320061445236,1120.13671875,
5880,C,E;W,Ciurria,Monza,2,2,0,2,2,0,6,6,0.06883326172828674,,,0.06659388542175293,1085.2730712890625,
7276,C,E;C,Cremaschi,Parma,2,1,1,2,1,1,3,3,0.05623455345630646,,,0.06227870285511017,1085.508056640625,
6219,C,M;C,Boloca,Sassuolo,2,2,0,2,2,0,5,5,0.028680311515927315,,,0.04671669378876686,1128.353759765625,
6246,C,M;C,Lipani,Sassuolo,2,2,0,2,2,0,5,5,0.031424056738615036,,,0.031501591205596924,1150.4520263671875,
6212,C,M;C,Zarraga,Udinese,2,1,1,2,1,1,4,4,0.036712564527988434,,,0.060678817331790924,1018.2969360351562,
7418,C,W;T,Chakvetadze,Udinese,2,2,0,2,2,0,6,6,0.1283232718706131,,,0.12861698865890503,1043.71240234375,
526,C,C,Duncan,Venezia,2,2,0,2,2,0,4,4,0.11581290513277054,,,0.09354689717292786,1139.12841796875,
6592,C,W;T,Forson O.,Monza,2,1,1,2,1,1,1,1,0.03177069500088692,,,0.047641679644584656,1072.1474609375,
7574,C,C,Foe Ondoa,Monza,2,1,1,2,1,1,2,2,0.007835613563656807,,,0.01372873317450285,1072.1474609375,
7092,C,W;T,Jovanovic,Udinese,2,2,0,2,2,0,5,5,0.009143474511802197,,,0.042889419943094254,1072.1474609375,
7165,C,M;C,Liteta,Cagliari,1,1,0,1,1,0,1,1,0.01379834022372961,,,0.021896738559007645,1072.1474609375,
7357,C,C;T,Lahdo,Como,1,1,0,1,1,0,1,1,0.09683294594287872,,,0.13996072113513947,1006.8480224609375,
7456,C,M;C,El Azzouzi A.,Frosinone,1,1,0,1,1,0,1,1,0.07497020065784454,,,0.03785951808094978,1304.4696044921875,
5725,C,C,Kone B.,Frosinone,1,1,0,1,1,0,3,3,0.0425352118909359,,,0.047316133975982666,1412.506591796875,
7345,C,W;T,Przyborek,Lazio,1,1,0,1,1,0,5,5,0.012631363235414028,,,0.06132787466049194,1060.7457275390625,
6410,C,M;C,Kaba,Lecce,1,1,0,1,1,0,2,2,0.06636372208595276,,,0.07087689638137817,1096.6932373046875,
7319,C,M;C,Fofana Sa.,Lecce,1,1,0,1,1,0,1,1,0.07445569336414337,,,0.13986031711101532,1043.557861328125,
5007,C,M;C,Ilic,Lecce,1,1,0,1,1,0,10,13,0.06494881212711334,,,0.10221681743860245,1226.1068115234375,
7481,C,C,Dagasso,Venezia,1,1,0,1,1,0,1,1,0.007835613563656807,,,0.01372873317450285,1072.1474609375,
7571,C,W;A,Laerke,Lecce,1,1,0,1,1,0,1,1,0.007835613563656807,,,0.01372873317450285,1072.1474609375,
7572,C,M;C,Comotto,Milan,1,1,0,1,1,0,1,1,0.007835613563656807,,,0.01372873317450285,1072.1474609375,
7575,C,C,Mout,Monza,1,1,0,1,1,0,12,12,0.007835613563656807,,,0.01372873317450285,1072.1474609375,
5462,C,W,Ciervo,Cagliari,1,1,0,1,1,0,1,1,0.007835613563656807,,,0.01372873317450285,1072.1474609375,
7628,C,M;C,Sierro,Parma,1,1,0,1,1,0,1,1,0.053189363330602646,,,0.04756778106093407,1335.698974609375,
5585,A,Pc,Malen,Roma,38,34,4,38,34,4,450,450,0.08944098651409149,,,0.32650890946388245,1074.3690185546875,
2764,A,Pc,Martinez L.,Inter,33,35,-2,33,35,-2,361,361,0.06106296181678772,,,0.04421905428171158,1126.8978271484375,
4871,A,Pc,Thuram,Inter,28,29,-1,28,29,-1,249,249,0.050082504749298096,,,0.0943666473031044,1091.2728271484375,
6052,A,Pc,Hojlund,Napoli,28,28,0,28,28,0,260,260,0.05549295246601105,,,0.09142370522022247,1266.229736328125,
6397,A,Pc,Ramos G.,Milan,27,27,0,27,27,0,237,237,0.08061635494232178,,,0.2262270599603653,1017.0549926757812,
5951,A,Pc,Kolo Muani,Juventus,25,26,-1,25,26,-1,165,165,0.077300064265728,,,0.14306309819221497,1088.03125,
2097,A,Pc,Kean,Como,24,25,-1,24,25,-1,183,183,0.06629431992769241,,,0.22620686888694763,1312.119873046875,
6752,A,A,Woltemade,Juventus,23,23,0,23,23,0,160,160,0.0817265659570694,,,0.17622338235378265,1137.03759765625,
7017,A,Pc,Douvikas,Como,22,20,2,22,20,2,185,185,0.0869380459189415,,,0.2596982419490814,1251.4766845703125,
6434,A,A,Yildiz,Juventus,22,23,-1,23,24,-1,100,100,0.10119665414094925,,,0.18432973325252533,1321.2435302734375,
2137,A,Pc,Scamacca,Atalanta,19,19,0,18,18,0,110,110,0.12941403687000275,,,0.30232471227645874,1083.867431640625,
531,A,A,Berardi,Sassuolo,19,18,1,20,19,1,106,106,0.09956376254558563,,,0.18372707068920135,1176.2393798828125,
5637,A,Pc,Davis K.,Udinese,19,19,0,19,19,0,108,108,0.07626660913228989,,,0.14310938119888306,1308.2440185546875,
6435,A,Pc,Krstovic,Atalanta,18,18,0,17,17,0,98,98,0.11120852082967758,,,0.27155017852783203,1250.2689208984375,
5995,A,A,De Ketelaere,Atalanta,17,17,0,18,18,0,95,95,0.07378068566322327,,,0.22099390625953674,1281.376708984375,
7071,A,Pc,Esposito F.P.,Inter,17,16,1,17,16,1,105,105,0.09254409372806549,,,0.16588443517684937,1235.8292236328125,
309,A,A,Dybala,Roma,16,14,2,17,15,2,100,100,0.10100831091403961,,,0.19447742402553558,1071.21484375,
6675,A,Pc,Dovbyk,Bologna,15,16,-1,15,16,-1,51,48,0.10522594302892685,,,0.32555851340293884,1103.78515625,
6060,A,A,Laurientè,Sassuolo,15,15,0,16,16,0,83,83,0.09905251115560532,,,0.1650504767894745,1414.2891845703125,
4371,A,A,Raspadori,Atalanta,14,13,1,15,14,1,73,70,0.08157792687416077,,,0.27569183707237244,993.9381103515625,
7351,A,W;A,Santos A.,Napoli,14,14,0,15,15,0,61,61,0.058157969266176224,,,0.10272400081157684,956.8823852539062,
7023,A,Pc,Pellegrino M.,Fiorentina,14,15,-1,14,15,-1,40,37,0.04895494505763054,,,0.21848523616790771,1224.413818359375,
6572,A,Pc,Castro S.,Roma,14,14,0,13,13,0,70,70,0.09643246233463287,,,0.10746578127145767,1359.6005859375,
2061,A,Pc,Simeone,Torino,14,15,-1,14,15,-1,80,77,0.08628533780574799,,,0.16294658184051514,1330.3656005859375,
5694,A,Pc,Beto,Fiorentina,14,14,0,14,14,0,50,50,0.0781453400850296,,,0.2791837751865387,1086.6131591796875,
5734,A,A,Soulè,Roma,13,12,1,14,13,1,48,48,0.10618704557418823,,,0.1502181738615036,1295.207275390625,
4463,A,A,Esposito Se.,Sassuolo,12,13,-1,13,14,-1,40,40,0.09254409372806549,,,0.16588443517684937,1235.8292236328125,
6967,A,W;A,Diao,Como,12,11,1,13,12,1,50,50,0.07263117283582687,,,0.18409283459186554,1089.3778076171875,
2038,A,Pc,Pinamonti,Lazio,12,13,-1,11,12,-1,53,50,0.06115720421075821,,,0.21132081747055054,1411.1201171875,
7547,A,Pc,Kevin Carlos,Cagliari,12,13,-1,11,12,-1,36,33,0.026982810348272324,,,0.07461870461702347,1109.284912109375,
4923,A,Pc,Colombo,Genoa,11,11,0,10,10,0,52,49,0.08893705159425735,,,0.16466303169727325,1310.348876953125,
7484,A,Pc,Adams A.,Venezia,11,12,-1,10,11,-1,35,35,0.08891845494508743,,,0.16484619677066803,1142.884521484375,
6646,A,A,Adams C.,Torino,10,9,1,11,10,1,33,33,0.08891845494508743,,,0.16484619677066803,1142.884521484375,
6229,A,Pc,Tourè E.,Parma,10,11,-1,10,11,-1,37,34,0.03262465074658394,,,0.07065162062644958,1019.2332153320312,
7554,A,Pc,Romero D.,Parma,10,10,0,10,10,0,37,34,0.06513866782188416,,,0.06386228650808334,1201.638671875,
5436,A,Pc,Raimondo,Frosinone,9,7,2,8,6,2,27,24,0.007835613563656807,,,0.01372873317450285,1072.1474609375,
2155,A,Pc,Cutrone,Monza,9,9,0,8,8,0,23,20,0.05502833425998688,,,0.20583249628543854,1073.49169921875,
7347,A,Pc,Bowie,Sassuolo,9,10,-1,8,9,-1,32,32,0.044324908405542374,,,0.09443885833024979,1101.0570068359375,
6904,A,A,Yeboah J.,Venezia,9,8,1,9,8,1,27,27,0.07783802598714828,,,0.15682217478752136,1060.6990966796875,
7612,A,Pc,Bobcek,Frosinone,9,9,0,9,9,0,31,28,0.007835613563656807,,,0.01372873317450285,1072.1474609375,
4359,A,Pc,Piccoli,Bologna,8,8,0,7,7,0,29,26,0.06638015806674957,,,0.1933092176914215,1233.85546875,
6530,A,W;A,Ghedjemis,Frosinone,8,9,-1,9,10,-1,23,25,0.007835613563656807,,,0.01372873317450285,1072.1474609375,
6164,A,A,Vitinha O.,Genoa,8,8,0,8,8,0,13,13,0.08441846817731857,,,0.07981696724891663,1319.199462890625,
5029,A,Pc,Geubbels,Lecce,8,9,-1,7,8,-1,23,20,0.07380827516317368,,,0.15579251945018768,1067.0084228515625,
7600,A,Pc,Osmajic,Genoa,8,8,0,7,7,0,28,25,0.04362095892429352,,,0.1097138524055481,1280.7099609375,
6669,A,Pc,Bonny,Inter,7,7,0,6,6,0,15,12,0.09824270755052567,,,0.12214168161153793,1255.8687744140625,
2832,A,W;A,Boga,Juventus,7,6,1,7,7,0,27,30,0.0981922373175621,,,0.19998538494110107,994.0010986328125,
7523,A,Pc,Varela G.,Monza,7,3,4,7,3,4,40,37,0.06646133214235306,,,0.07456338405609131,1388.344970703125,
7449,A,Pc,Rrahmani Al.,Venezia,7,8,-1,6,7,-1,13,10,0.030750209465622902,,,0.04057992622256279,1308.4381103515625,
7623,A,W;A,Gnonto,Fiorentina,7,7,0,8,8,0,25,27,0.02632041648030281,,,0.04099944606423378,1061.8714599609375,
5918,A,A,Sulemana K.,Atalanta,6,6,0,6,6,0,8,8,0.06180208548903465,,,0.09054676443338394,1149.730712890625,
6204,A,W;A,Kvernadze,Frosinone,6,4,2,7,5,2,24,24,0.007835613563656807,,,0.01372873317450285,1072.1474609375,
6556,A,A,Noslin,Lazio,6,6,0,6,6,0,8,8,0.08258342742919922,,,0.22064533829689026,1069.2635498046875,
7252,A,Pc,Stulic,Lecce,6,7,-1,6,6,0,11,10,0.04483720660209656,,,0.06733433902263641,1156.249267578125,
6831,A,W;A,Neres,Napoli,6,6,0,6,7,-1,20,20,0.10909044742584229,,,0.15398511290550232,1041.7620849609375,
608,A,Pc,Zapata D.,Torino,6,7,-1,6,6,0,12,10,0.07155486196279526,,,0.25220128893852234,1029.21044921875,
7620,A,A,Zeballos,Monza,6,6,0,6,6,0,18,18,0.007835613563656807,,,0.01372873317450285,1072.1474609375,
4896,A,T;A,Maldini,Cagliari,5,5,0,6,6,0,21,21,0.09684040397405624,,,0.15224769711494446,1040.163818359375,
7610,A,Pc,Birligea,Frosinone,5,5,0,5,5,0,11,11,0.007835613563656807,,,0.01372873317450285,1072.1474609375,
6145,A,A,Ngonge,Monza,5,5,0,5,5,0,13,13,0.1008065789937973,,,0.1299598217010498,1036.690673828125,
7374,A,Pc,Mendy P.,Cagliari,4,4,0,4,3,1,12,10,0.0675068125128746,,,0.09042992442846298,1118.1448974609375,
7453,A,Pc,Havel,Genoa,4,4,0,3,3,0,5,5,0.007835613563656807,,,0.01372873317450285,1072.1474609375,
7001,A,W;A,N'Dri,Lecce,4,3,1,4,4,0,12,12,0.09290840476751328,,,0.153765469789505,1038.963623046875,
6519,A,Pc,Camarda,Milan,4,5,-1,4,4,0,20,17,0.026470880955457687,,,0.04765012487769127,1061.8714599609375,
5882,A,A,Mota,Monza,4,5,-1,4,5,-1,8,8,0.07832110673189163,,,0.09112900495529175,1191.4554443359375,
7162,A,A,Giovane,Napoli,4,4,0,4,4,0,7,7,0.049520477652549744,,,0.11435693502426147,1074.3031005859375,
7120,A,A,Lang,Napoli,4,3,1,4,3,1,14,14,0.09708908945322037,,,0.2309740036725998,1041.1903076171875,
6215,A,Pc,Lucca,Napoli,4,3,1,4,3,1,12,10,0.08510403335094452,,,0.19761458039283752,1000.6742553710938,
7213,A,A,Frigan,Parma,4,5,-1,4,5,-1,6,6,0.04608786478638649,,,0.09443728625774384,1138.00390625,
7349,A,Pc,Kulenovic,Torino,4,4,0,3,3,0,9,7,0.05082954838871956,,,0.07146239280700684,1066.928466796875,
7272,A,Pc,Gueye,Udinese,4,4,0,4,3,1,7,6,0.06636271625757217,,,0.05295876786112785,1044.435546875,
4387,A,Pc,Adorante,Venezia,4,5,-1,4,4,0,8,8,0.007835613563656807,,,0.01372873317450285,1072.1474609375,
7546,A,A,Robinson J.,Monza,4,4,0,4,4,0,5,5,0.058712612837553024,,,0.034561995416879654,1238.57421875,
2012,A,Pc,Milik,Juventus,4,5,-1,4,4,0,10,10,0.0513119250535965,,,0.23153157532215118,1037.753173828125,
7602,A,W;A,Fatah,Lecce,4,4,0,5,5,0,14,14,0.007835613563656807,,,0.01372873317450285,1072.1474609375,
5336,A,Pc,Nzola,Cagliari,4,4,0,4,4,0,10,10,0.08028407394886017,,,0.17764884233474731,1008.354248046875,
6822,A,A,Ekhator,Juventus,3,3,0,3,3,0,10,10,0.05159185454249382,,,0.04909968748688698,1115.1024169921875,
7342,A,Pc,Elphege,Parma,3,3,0,3,3,0,11,10,0.07523095607757568,,,0.08131181448698044,1064.4256591796875,
7561,A,A,Lontani,Parma,3,1,2,3,1,2,11,11,0.007835613563656807,,,0.01372873317450285,1072.1474609375,
7627,A,Pc,Enem,Bologna,2,2,0,2,2,0,4,4,0.007835613563656807,,,0.01372873317450285,1072.1474609375,
7317,A,Pc,Trepy,Cagliari,1,1,0,1,1,0,2,2,0.0877603068947792,,,0.17189227044582367,1053.02392578125,
7161,A,Pc,Bayo V.,Udinese,1,1,0,1,1,0,3,3,0.07082980126142502,,,0.1770370453596115,1012.1940307617188,
7408,A,W;A,Lisman,Venezia,1,1,0,1,1,0,1,1,0.007835613563656807,,,0.01372873317450285,1072.1474609375,
7482,A,Pc,Lauberbach,Venezia,1,1,0,1,1,0,1,1,0.04716245085000992,,,0.08184468001127243,1141.776123046875,
7568,A,Pc,De Martis,Parma,1,1,0,1,1,0,1,1,0.007835613563656807,,,0.01372873317450285,1072.1474609375,
7622,A,A,Robinho Junior,Genoa,1,1,0,1,1,0,3,3,0.007835613563656807,,,0.01372873317450285,1072.1474609375,
