Id,R,Nome,Squadra,Qt.A,Qt.I,Diff.,FVM,Player,Nation,Pos,Squad,Age,Born,MP,Starts,Min,90s,Gls,Ast,G+A,G-PK,PK,PKatt,xG,xAG,npxG,npxG+xAG,Sh,SoT,SoT%,Sh/90,SoT/90,Cmp,Att,Cmp%,PrgP,KP,PPA,PrgC,PrgR,SCA,SCA90,GCA,GCA90,Tkl,Int,Blocks,Tkl+Int,Clr,Err,Touches,Carries,Mis,Dis,CrdY,CrdR,MP_stats_keeper,Starts_stats_keeper,Min_stats_keeper,90s_stats_keeper,GA,GA90,SoTA,Saves,Save%,W,D,L,CS,CS%,PKA,PKsv,PKm,PSxG,PSxG/SoT,PSxG+/-,/90,PlayerScore,Score
6431,D,paz,Sassuolo,1,1,0,5,nicolas paz,ar ARG,"MF,FW",Como,19.0,2004.0,35,30,2687,29.9,6,8,14,6,0,1,9.3,6.0,8.5,14.5,109,37,33.9,3.65,1.24,992,1231,80.6,163,54,38,77,171,144,4.82,16,0.54,51,21,29,72,16,0,1683,1093,101,45,6,0,,,,,,,,,,,,,,,,,,,,,,92.86467689121928,100.0
7164,D,perez,Lecce,1,1,0,1,ayoze perez,es ESP,FW,Villarreal,31.0,1993.0,30,22,1970,21.9,19,2,21,19,0,0,12.7,3.0,12.7,15.7,75,31,41.3,3.43,1.42,314,414,75.8,73,32,21,59,124,72,3.26,5,0.23,27,8,12,35,15,0,705,429,62,34,4,0,,,,,,,,,,,,,,,,,,,,,,86.97085489002694,99.49748743718592
7202,D,ndiaye,Parma,4,4,0,10,iliman ndiaye,sn SEN,FW,Everton,24.0,2000.0,33,29,2430,27.0,9,0,9,7,2,2,6.2,1.9,4.7,6.5,35,15,42.9,1.3,0.56,602,736,81.8,59,18,14,86,122,65,2.41,8,0.3,53,20,22,73,24,1,1084,621,55,44,3,0,,,,,,,,,,,,,,,,,,,,,,80.88320686963843,85.92964824120605
5513,D,dumfries,Inter,21,20,1,107,denzel dumfries,nl NED,"DF,FW",Inter,28.0,1996.0,28,19,1865,20.7,7,2,9,7,0,0,5.4,3.2,5.4,8.6,36,19,52.8,1.74,0.92,603,831,72.6,51,21,21,55,173,55,2.53,4,0.18,25,6,27,31,26,1,1047,534,27,14,4,0,,,,,,,,,,,,,,,,,,,,,,100.0,82.41206030150754
254,D,dimarco,Inter,19,19,0,94,federico dimarco,it ITA,"DF,FW",Inter,26.0,1997.0,32,28,2140,23.8,4,7,11,4,0,0,3.3,6.1,3.3,9.5,55,20,36.4,2.31,0.84,973,1275,76.3,83,48,40,47,232,96,4.0,14,0.58,25,14,29,39,33,2,1475,789,18,10,3,0,,,,,,,,,,,,,,,,,,,,,,98.16248465905997,80.90452261306534
2160,D,gosens,Fiorentina,18,18,0,83,robin gosens,de GER,DF,Fiorentina,30.0,1994.0,31,28,2434,27.0,5,5,10,5,0,0,1.8,2.4,1.8,4.1,23,8,34.8,0.85,0.3,1020,1334,76.5,102,27,32,31,91,66,2.36,14,0.5,56,18,29,74,91,0,1606,781,31,5,6,0,,,,,,,,,,,,,,,,,,,,,,87.49521213741201,78.89447236180904
2816,D,di lorenzo,Napoli,14,14,0,53,giovanni di lorenzo,it ITA,DF,Napoli,30.0,1993.0,37,37,3330,37.0,3,2,5,3,0,0,2.8,3.9,2.8,6.7,21,6,28.6,0.57,0.16,1870,2236,83.6,224,37,54,50,163,80,2.16,8,0.22,66,31,48,97,85,1,2541,1202,28,14,6,0,,,,,,,,,,,,,,,,,,,,,,88.49361626078364,72.36180904522614
6485,D,kristensen,Udinese,7,5,2,12,rasmus kristensen,dk DEN,DF,Eint Frankfurt,27.0,1997.0,30,28,2513,27.9,5,3,8,5,0,0,2.5,3.1,2.5,5.6,24,8,33.3,0.86,0.29,1263,1626,77.7,172,20,35,51,162,60,2.15,10,0.36,59,20,38,79,97,1,1955,1084,37,15,4,0,,,,,,,,,,,,,,,,,,,,,,69.26521880978041,71.35678391959799
7222,D,cham,Verona,2,1,1,1,hicham boudaoui,dz ALG,MF,Nice,24.0,1999.0,29,27,2435,27.1,2,3,5,2,0,0,2.7,3.0,2.7,5.8,39,18,46.2,1.44,0.67,943,1134,83.2,124,22,32,54,75,65,2.4,7,0.26,76,22,27,98,45,1,1467,770,38,26,9,0,,,,,,,,,,,,,,,,,,,,,,58.95556413626027,71.35678391959799
4433,D,zortea,Bologna,16,16,0,40,nadir zortea,it ITA,"DF,MF",Cagliari,25.0,1999.0,35,33,2713,30.1,6,2,8,6,0,0,3.1,2.4,3.1,5.5,33,10,30.3,1.09,0.33,557,827,67.4,63,28,31,69,144,57,1.89,3,0.1,30,19,41,49,47,2,1115,661,57,31,2,0,,,,,,,,,,,,,,,,,,,,,,74.22943918441038,69.34673366834173
7140,D,coppola,Pisa,1,1,0,4,diego coppola,it ITA,DF,Hellas Verona,20.0,2003.0,34,33,2927,32.5,2,0,2,2,0,0,0.7,0.1,0.7,0.8,10,4,40.0,0.31,0.12,920,1135,81.1,48,3,0,4,3,10,0.31,1,0.03,66,72,6,138,194,2,1576,749,10,5,10,0,,,,,,,,,,,,,,,,,,,,,,64.8840123320137,68.84422110552765
5307,D,valenti,Parma,4,4,0,11,valentin atangana edoa,fr FRA,MF,Reims,18.0,2005.0,34,33,2854,31.7,1,0,1,1,0,0,2.5,1.1,2.5,3.6,33,6,18.2,1.04,0.19,908,1056,86.0,93,12,8,41,38,49,1.55,1,0.03,69,37,14,106,64,0,1433,735,57,23,7,0,,,,,,,,,,,,,,,,,,,,,,64.3214297515648,68.34170854271358
5273,D,estupinan,Milan,12,11,1,39,pervis estupinan,ec ECU,DF,Brighton,26.0,1998.0,30,26,2402,26.7,1,1,2,1,0,0,1.2,2.1,1.2,3.3,28,9,32.1,1.05,0.34,1338,1610,83.1,132,26,34,59,112,58,2.17,4,0.15,65,37,28,102,65,2,1915,1023,34,27,5,0,,,,,,,,,,,,,,,,,,,,,,76.38433803853466,66.33165829145729
770,D,pezzella,Cremonese,6,5,1,13,giuseppe pezzella,it ITA,"DF,FW",Empoli,26.0,1997.0,35,34,2878,32.0,0,3,3,0,0,0,0.6,4.6,0.6,5.2,15,3,20.0,0.47,0.09,829,1246,66.5,80,36,30,77,143,59,1.85,5,0.16,55,15,60,70,110,2,1579,673,46,32,7,0,,,,,,,,,,,,,,,,,,,,,,58.99519344361073,64.32160804020101
5520,D,cambiaso,Juventus,14,15,-1,56,andrea cambiaso,it ITA,"DF,FW",Juventus,24.0,2000.0,33,25,2221,24.7,2,3,5,2,0,0,0.7,2.6,0.7,3.3,17,6,35.3,0.69,0.24,1476,1667,88.5,111,34,31,78,122,85,3.45,9,0.36,46,16,39,62,34,5,1911,1195,45,21,4,0,,,,,,,,,,,,,,,,,,,,,,74.41716838709108,63.819095477386945
393,D,luperto,Cagliari,9,7,2,18,sebastiano luperto,it ITA,DF,Cagliari,27.0,1996.0,36,36,3240,36.0,1,3,4,1,0,0,2.2,1.3,2.2,3.4,21,5,23.8,0.58,0.14,1315,1568,83.9,96,8,6,22,11,30,0.83,5,0.14,48,33,12,81,161,1,1913,1060,12,3,4,0,,,,,,,,,,,,,,,,,,,,,,57.31597038591606,62.311557788944725
6883,D,jean,Lecce,3,3,0,3,jean eudes aholou,ci CIV,MF,Angers,30.0,1994.0,26,26,1959,21.8,2,0,2,2,0,0,1.8,1.0,1.8,2.8,27,7,25.9,1.24,0.32,644,764,84.3,68,10,7,15,16,33,1.52,1,0.05,56,33,9,89,32,0,1032,495,32,15,7,0,,,,,,,,,,,,,,,,,,,,,,54.053863279587745,61.80904522613066
5862,D,valeri,Parma,10,10,0,27,emanuele valeri,it ITA,DF,Parma,25.0,1998.0,35,34,2873,31.9,2,6,8,1,1,1,1.8,4.7,1.0,5.8,26,4,15.4,0.81,0.13,783,1193,65.6,93,36,31,79,109,75,2.35,10,0.31,51,29,26,80,103,4,1528,740,42,5,1,0,,,,,,,,,,,,,,,,,,,,,,57.69671890433536,61.30653266331658
4772,D,angelino,Roma,15,15,0,52,angelino,es ESP,DF,Roma,27.0,1997.0,38,36,3177,35.3,2,1,3,2,0,0,1.4,3.7,1.4,5.1,24,6,25.0,0.68,0.17,1544,1969,78.4,172,50,58,66,172,89,2.52,7,0.2,46,28,25,74,98,0,2266,1202,27,9,1,0,,,,,,,,,,,,,,,,,,,,,,69.82750663319673,61.30653266331658
2120,D,bastoni,Inter,17,16,1,76,alessandro bastoni,it ITA,DF,Inter,25.0,1999.0,32,30,2333,25.9,1,5,6,1,0,0,0.8,2.3,0.8,3.2,12,2,16.7,0.46,0.08,1966,2225,88.4,162,27,49,62,83,71,2.66,11,0.41,46,21,18,67,52,1,2446,1633,26,5,6,1,,,,,,,,,,,,,,,,,,,,,,74.27478522683958,61.30653266331658
4210,D,mina,Cagliari,7,7,0,21,mario lemina,ga GAB,"MF,DF",Wolves,30.0,1993.0,17,15,1364,15.2,1,3,4,1,0,0,1.4,1.1,1.4,2.5,18,5,27.8,1.19,0.33,493,613,80.4,48,10,13,8,21,26,1.71,5,0.33,51,27,7,78,50,3,809,382,21,11,4,0,,,,,,,,,,,,,,,,,,,,,,54.08039141251758,58.79396984924623
5840,D,olivera,Napoli,10,10,0,21,mathias olivera,uy URU,DF,Napoli,26.0,1997.0,32,26,2370,26.3,0,2,2,0,0,0,1.1,1.7,1.1,2.8,16,2,12.5,0.61,0.08,1350,1580,85.4,126,25,11,46,62,42,1.59,5,0.19,63,28,32,91,74,1,1884,957,27,13,4,0,,,,,,,,,,,,,,,,,,,,,,69.96022486548608,57.286432160804026
787,D,djimsiti,Atalanta,8,8,0,15,berat djimsiti,al ALB,DF,Atalanta,31.0,1993.0,34,32,2640,29.3,1,2,3,1,0,0,2.7,1.3,2.7,3.9,20,4,20.0,0.68,0.14,1483,1691,87.7,109,11,12,32,42,30,1.02,7,0.24,53,40,15,93,141,2,2023,1097,10,1,6,0,,,,,,,,,,,,,,,,,,,,,,64.88108027521619,56.28140703517589
5718,D,viti,Fiorentina,4,4,0,9,viti,es ESP,DF,Las Palmas,26.0,1997.0,29,23,1982,22.0,0,2,2,0,0,0,0.1,1.4,0.1,1.4,3,2,66.7,0.14,0.09,757,934,81.0,44,12,13,43,65,29,1.32,3,0.14,71,27,18,98,61,0,1186,491,28,6,5,0,,,,,,,,,,,,,,,,,,,,,,62.33362710784244,56.28140703517589
5885,D,dodo,Fiorentina,12,11,1,44,dodo,br BRA,DF,Fiorentina,25.0,1998.0,34,34,3025,33.6,0,4,4,0,0,0,1.4,4.2,1.4,5.6,25,5,20.0,0.74,0.15,1341,1728,77.6,128,36,40,143,193,75,2.17,11,0.32,44,34,45,78,58,2,2083,1278,73,26,8,0,,,,,,,,,,,,,,,,,,,,,,61.774480773852005,55.77889447236182
4502,D,gallo,Lecce,6,5,1,15,antonino gallo,it ITA,DF,Lecce,24.0,2000.0,31,31,2609,29.0,0,2,2,0,0,0,0.3,2.7,0.3,3.0,9,3,33.3,0.31,0.1,822,1241,66.2,107,44,28,57,110,72,2.48,3,0.1,65,20,32,85,133,0,1587,662,37,14,3,1,,,,,,,,,,,,,,,,,,,,,,47.0315717360274,53.768844221105525
2296,D,mancini,Roma,11,11,0,30,gianluca mancini,it ITA,DF,Roma,28.0,1996.0,37,36,3143,34.9,2,0,2,2,0,0,1.7,0.9,1.7,2.6,22,5,22.7,0.63,0.14,1689,1965,86.0,139,14,17,45,23,41,1.17,2,0.06,42,35,19,77,103,0,2240,1341,10,8,8,0,,,,,,,,,,,,,,,,,,,,,,60.62537823920526,53.266331658291456
6202,D,beukema,Napoli,9,10,-1,18,sam beukema,nl NED,DF,Bologna,25.0,1998.0,35,33,3012,33.5,0,1,1,0,0,0,1.5,0.9,1.5,2.4,15,4,26.7,0.45,0.12,1826,2114,86.4,153,10,11,27,9,36,1.08,6,0.18,54,30,12,84,111,0,2419,1519,12,8,1,0,,,,,,,,,,,,,,,,,,,,,,62.546868307367035,51.25628140703519
5022,D,pavlovic,Milan,9,7,2,21,aleksandar pavlovic,de GER,MF,Bayern Munich,20.0,2004.0,21,18,1451,16.1,1,0,1,1,0,0,0.6,0.2,0.6,0.8,9,4,44.4,0.56,0.25,1437,1541,93.3,128,7,13,15,33,30,1.86,3,0.19,38,5,9,43,14,0,1648,1035,13,2,2,0,,,,,,,,,,,,,,,,,,,,,,57.78026700953631,50.251256281407045
4385,D,lazaro,Torino,6,7,-1,19,valentino lazaro,at AUT,"DF,FW",Torino,28.0,1996.0,33,26,2307,25.6,0,6,6,0,0,0,1.0,3.3,1.0,4.4,16,2,12.5,0.62,0.08,880,1172,75.1,76,33,23,35,131,52,2.03,8,0.31,26,11,27,37,38,1,1368,726,33,12,6,0,,,,,,,,,,,,,,,,,,,,,,51.96642500209819,50.251256281407045
4409,D,rrahmani,Napoli,11,11,0,32,amir rrahmani,xk KVX,DF,Napoli,30.0,1994.0,38,38,3406,37.8,1,3,4,1,0,0,2.9,1.1,2.9,4.0,28,3,10.7,0.74,0.08,2531,2781,91.0,188,11,9,30,2,42,1.11,4,0.11,39,27,11,66,179,2,3152,1859,9,6,2,0,,,,,,,,,,,,,,,,,,,,,,60.69352916783729,49.74874371859296
2724,D,buongiorno,Napoli,13,13,0,42,alessandro buongiorno,it ITA,DF,Napoli,25.0,1999.0,22,22,1924,21.4,1,0,1,1,0,0,0.8,0.6,0.8,1.4,8,4,50.0,0.37,0.19,1161,1279,90.8,82,5,3,27,8,19,0.89,2,0.09,39,35,8,74,73,2,1489,902,13,8,2,0,,,,,,,,,,,,,,,,,,,,,,60.69352916783729,49.74874371859296
5555,D,kamara,Udinese,7,7,0,19,boubacar kamara,fr FRA,MF,Aston Villa,24.0,1999.0,26,20,1726,19.2,1,0,1,1,0,0,0.8,0.9,0.8,1.7,10,3,30.0,0.52,0.16,825,931,88.6,85,11,10,19,7,27,1.41,2,0.1,50,19,8,69,51,3,1113,591,12,17,2,0,,,,,,,,,,,,,,,,,,,,,,47.77848605651856,49.246231155778894
5701,D,obert,Cagliari,4,4,0,10,robert andrich,de GER,"MF,DF",Leverkusen,29.0,1994.0,23,19,1598,17.8,2,2,4,2,0,0,1.3,0.3,1.3,1.6,21,5,23.8,1.18,0.28,865,978,88.4,65,9,8,8,17,33,1.86,4,0.23,24,29,6,53,23,0,1114,526,7,1,7,0,,,,,,,,,,,,,,,,,,,,,,44.835880059950476,48.743718592964825
4665,D,maripan,Torino,7,7,0,13,guillermo maripan,cl CHI,DF,Torino,30.0,1994.0,28,27,2340,26.0,1,1,2,1,0,0,0.9,1.0,0.9,2.0,12,5,41.7,0.46,0.19,1151,1333,86.3,96,5,5,14,9,19,0.73,2,0.08,40,41,9,81,138,1,1636,962,19,5,4,1,,,,,,,,,,,,,,,,,,,,,,49.88066218563579,48.241206030150764
6672,D,idzes,Sassuolo,7,7,0,17,jay idzes,id IDN,DF,Venezia,24.0,2000.0,35,35,3127,34.7,1,0,1,1,0,0,1.8,0.7,1.8,2.5,15,3,20.0,0.43,0.09,1457,1694,86.0,84,8,4,15,15,24,0.69,0,0.0,45,32,12,77,156,0,2078,1051,31,7,5,0,,,,,,,,,,,,,,,,,,,,,,44.32532985251134,47.73869346733668
4378,D,ranieri,Fiorentina,8,7,1,16,luca ranieri,it ITA,DF,Fiorentina,25.0,1999.0,35,34,2981,33.1,0,3,3,0,0,0,1.1,1.7,1.1,2.7,10,4,40.0,0.3,0.12,1538,1800,85.4,80,16,11,25,11,28,0.82,6,0.18,42,27,14,69,154,1,2124,1234,10,3,7,0,,,,,,,,,,,,,,,,,,,,,,52.82813943000505,47.73869346733668
5427,D,gutierrez,Napoli,7,8,-1,18,miguel gutierrez,es ESP,"DF,MF",Girona,23.0,2001.0,29,29,2458,27.3,1,5,6,1,0,0,1.6,4.1,1.6,5.8,28,9,32.1,1.03,0.33,1241,1502,82.6,103,41,51,63,199,74,2.71,8,0.29,37,16,41,53,34,3,1741,989,37,25,4,0,,,,,,,,,,,,,,,,,,,,,,57.604630601954355,47.23618090452262
6665,D,coulibaly,Sassuolo,3,3,0,6,lassana coulibaly,ml MLI,MF,Lecce,28.0,1996.0,38,30,2667,29.6,1,0,1,1,0,0,0.8,0.9,0.8,1.7,9,3,33.3,0.3,0.1,775,955,81.2,93,12,7,21,49,46,1.55,2,0.07,48,18,23,66,46,1,1229,623,33,19,3,0,,,,,,,,,,,,,,,,,,,,,,43.85860536175453,47.23618090452262
6537,D,goglichidze,Udinese,4,4,0,10,saba goglichidze,ge GEO,DF,Empoli,20.0,2004.0,33,29,2539,28.2,0,1,1,0,0,0,0.3,0.3,0.3,0.6,6,0,0.0,0.21,0.0,724,929,77.9,45,3,1,12,9,13,0.46,2,0.07,64,33,13,97,97,3,1200,564,19,5,3,1,,,,,,,,,,,,,,,,,,,,,,45.33681188001154,46.733668341708544
5527,D,zanoli,Udinese,3,3,0,8,alessandro zanoli,it ITA,"FW,DF",Genoa,23.0,2000.0,31,19,1711,19.0,1,0,1,1,0,0,0.4,1.6,0.4,2.0,11,3,27.3,0.58,0.16,339,507,66.9,27,19,21,65,90,32,1.68,1,0.05,29,12,24,41,40,0,720,364,32,9,3,0,,,,,,,,,,,,,,,,,,,,,,45.33681188001154,46.733668341708544
5620,D,tavares,Lazio,12,12,0,43,nuno tavares,pt POR,DF,Lazio,24.0,2000.0,23,22,1686,18.7,0,8,8,0,0,0,1.1,4.8,1.1,5.9,28,5,17.9,1.49,0.27,820,1042,78.7,111,33,44,98,100,63,3.37,11,0.59,28,21,29,49,44,2,1302,736,45,32,4,1,,,,,,,,,,,,,,,,,,,,,,50.385100063031466,46.231155778894475
2188,D,marusic,Lazio,8,8,0,23,adam marusic,me MNE,DF,Lazio,31.0,1992.0,35,26,2337,26.0,4,0,4,4,0,0,2.0,0.6,2.0,2.6,23,10,43.5,0.89,0.39,1053,1240,84.9,84,13,16,23,108,33,1.27,3,0.12,32,16,15,48,61,0,1433,683,12,13,1,0,,,,,,,,,,,,,,,,,,,,,,49.28401189763491,45.22613065326633
4317,D,n'dicka,Roma,11,10,1,26,obite n'dicka,ci CIV,DF,Roma,24.0,1999.0,38,38,3420,38.0,0,1,1,0,0,0,1.0,0.7,1.0,1.8,18,5,27.8,0.47,0.13,2295,2492,92.1,107,8,3,29,5,33,0.87,3,0.08,32,33,9,65,150,2,2823,1734,20,3,2,0,,,,,,,,,,,,,,,,,,,,,,51.42324984521377,45.22613065326633
791,D,sabelli,Genoa,4,5,-1,11,stefano sabelli,it ITA,DF,Genoa,31.0,1993.0,34,23,2058,22.9,0,2,2,0,0,0,0.1,1.9,0.1,2.1,6,1,16.7,0.26,0.04,825,1204,68.5,88,18,31,36,43,38,1.66,2,0.09,58,22,28,80,65,0,1428,641,22,4,3,0,,,,,,,,,,,,,,,,,,,,,,42.090908653709654,45.22613065326633
5835,D,baschirotto,Cremonese,9,8,1,23,federico baschirotto,it ITA,DF,Lecce,27.0,1996.0,38,38,3420,38.0,2,0,2,2,0,0,1.2,0.2,1.2,1.4,22,8,36.4,0.58,0.21,1409,1635,86.2,71,4,5,13,5,17,0.45,1,0.03,37,23,5,60,237,2,2043,940,13,1,3,0,,,,,,,,,,,,,,,,,,,,,,40.56046808657852,44.221105527638194
1852,D,spinazzola,Napoli,7,7,0,10,leonardo spinazzola,it ITA,"DF,FW",Napoli,31.0,1993.0,27,17,1517,16.9,1,1,2,1,0,0,0.8,3.5,0.8,4.2,12,4,33.3,0.71,0.24,710,895,79.3,88,26,34,83,81,47,2.79,3,0.18,17,9,26,26,31,1,1051,603,17,18,1,0,,,,,,,,,,,,,,,,,,,,,,53.89795232289485,44.221105527638194
554,D,zappacosta,Atalanta,13,13,0,30,davide zappacosta,it ITA,DF,Atalanta,32.0,1992.0,30,26,2067,23.0,4,2,6,4,0,0,2.2,2.1,2.2,4.3,39,12,30.8,1.7,0.52,986,1192,82.7,107,23,37,67,139,53,2.31,6,0.26,26,11,23,37,32,2,1416,780,26,17,3,0,,,,,,,,,,,,,,,,,,,,,,50.31814367605767,43.71859296482412
5833,D,gila,Lazio,9,9,0,20,mario gila,es ESP,DF,Lazio,23.0,2000.0,32,31,2741,30.5,1,0,1,1,0,0,1.1,0.6,1.1,1.7,15,4,26.7,0.49,0.13,1877,2049,91.6,157,15,9,48,12,38,1.25,1,0.03,55,28,11,83,115,4,2339,1477,17,7,8,0,,,,,,,,,,,,,,,,,,,,,,47.08183556684181,43.21608040201005
5449,D,parisi,Fiorentina,5,5,0,11,fabiano parisi,it ITA,"DF,MF",Fiorentina,23.0,2000.0,25,11,1049,11.7,2,0,2,2,0,0,0.5,0.8,0.5,1.3,8,4,50.0,0.69,0.34,383,476,80.5,40,4,9,25,35,14,1.12,2,0.16,27,17,13,44,17,0,607,341,18,16,3,0,,,,,,,,,,,,,,,,,,,,,,47.79582242409114,43.21608040201005
5877,D,carlos augusto,Inter,10,10,0,31,carlos augusto,br BRA,DF,Inter,25.0,1999.0,28,15,1625,18.1,3,2,5,3,0,0,2.8,1.6,2.8,4.4,24,6,25.0,1.33,0.33,1083,1227,88.3,80,9,12,31,83,24,1.28,3,0.16,29,9,19,38,50,0,1413,837,18,13,1,0,,,,,,,,,,,,,,,,,,,,,,52.224601135559226,43.21608040201005
4461,D,zappa,Cagliari,6,6,0,13,gabriele zappa,it ITA,DF,Cagliari,24.0,1999.0,37,35,3060,34.0,2,0,2,2,0,0,0.9,3.6,0.9,4.5,11,5,45.5,0.32,0.15,1318,1723,76.5,146,28,24,57,82,57,1.68,2,0.06,40,23,44,63,93,1,2017,1100,31,7,4,0,,,,,,,,,,,,,,,,,,,,,,37.90249654552514,41.20603015075377
6495,D,comuzzo,Fiorentina,8,7,1,17,pietro comuzzo,it ITA,DF,Fiorentina,19.0,2005.0,32,23,2110,23.4,1,0,1,1,0,0,0.5,0.6,0.5,1.1,5,2,40.0,0.21,0.09,1085,1266,85.7,75,7,4,14,12,20,0.82,1,0.04,43,29,10,72,113,4,1533,892,15,4,5,0,,,,,,,,,,,,,,,,,,,,,,45.55923708812939,41.20603015075377
5010,D,ismajli,Torino,7,8,-1,13,ardian ismajli,al ALB,DF,Empoli,27.0,1996.0,29,29,2508,27.9,0,0,0,0,0,0,0.3,0.0,0.3,0.4,5,0,0.0,0.18,0.0,872,1005,86.8,38,2,0,3,1,8,0.29,1,0.04,30,56,4,86,249,3,1410,592,8,3,3,0,,,,,,,,,,,,,,,,,,,,,,42.580492328017414,41.20603015075377
460,D,romagnoli,Lazio,7,8,-1,22,alessio romagnoli,it ITA,DF,Lazio,29.0,1995.0,32,31,2672,29.7,2,0,2,2,0,0,2.4,0.3,2.4,2.6,20,7,35.0,0.67,0.24,1624,1770,91.8,90,9,5,8,4,27,0.91,1,0.03,48,26,7,74,118,1,2042,1064,6,1,4,2,,,,,,,,,,,,,,,,,,,,,,44.32911515335044,40.7035175879397
4734,D,miranda,Bologna,8,9,-1,21,juan miranda,es ESP,DF,Bologna,24.0,2000.0,31,25,2277,25.3,0,6,6,0,0,0,0.7,6.1,0.7,6.8,22,5,22.7,0.87,0.2,1420,1877,75.7,163,57,52,34,88,96,3.79,13,0.51,32,23,27,55,50,1,2080,1047,23,8,4,1,,,,,,,,,,,,,,,,,,,,,,42.934030118273576,40.20100502512563
2728,D,pellegrini,Lazio,4,3,1,8,lorenzo pellegrini,it ITA,MF,Roma,28.0,1996.0,25,20,1626,18.1,2,1,3,1,1,1,4.7,2.5,3.9,6.4,41,13,31.7,2.27,0.72,519,653,79.5,61,27,19,27,82,60,3.32,5,0.28,24,6,13,30,22,0,825,463,26,16,4,0,,,,,,,,,,,,,,,,,,,,,,43.228026987953896,39.698492462311556
6046,D,hien,Atalanta,10,11,-1,34,isak hien,se SWE,DF,Atalanta,25.0,1999.0,30,27,2327,25.9,0,0,0,0,0,0,1.0,0.1,1.0,1.1,8,2,25.0,0.31,0.08,1146,1277,89.7,51,2,1,7,3,5,0.19,1,0.04,48,31,13,79,82,2,1546,845,23,9,10,0,,,,,,,,,,,,,,,,,,,,,,45.075486500360604,39.19597989949749
4657,D,celik,Roma,6,7,-1,13,zeki celik,tr TUR,DF,Roma,27.0,1997.0,31,27,2256,25.1,0,2,2,0,0,0,0.6,1.6,0.6,2.2,13,4,30.8,0.52,0.16,1121,1364,82.2,106,19,15,28,93,38,1.51,4,0.16,62,15,32,77,84,3,1627,836,20,8,5,0,,,,,,,,,,,,,,,,,,,,,,43.94652052509569,38.693467336683426
6211,D,zemura,Udinese,4,3,1,8,jordan zemura,zw ZIM,DF,Udinese,24.0,1999.0,23,13,1415,15.7,1,2,3,1,0,0,1.0,1.0,1.0,2.0,14,3,21.4,0.89,0.19,475,621,76.5,42,11,15,25,76,30,1.91,4,0.25,31,16,20,47,41,0,815,403,24,17,2,0,,,,,,,,,,,,,,,,,,,,,,37.03511967988765,38.19095477386935
4976,D,kalulu,Juventus,9,9,0,28,pierre kalulu,fr FRA,DF,Juventus,24.0,2000.0,29,25,2337,26.0,1,0,1,1,0,0,0.7,0.5,0.7,1.2,7,3,42.9,0.27,0.12,1932,2076,93.1,117,11,11,48,24,36,1.39,1,0.04,41,17,11,58,68,1,2275,1559,19,7,2,1,,,,,,,,,,,,,,,,,,,,,,43.79147832597241,37.688442211055275
513,D,acerbi,Inter,9,9,0,26,francesco acerbi,it ITA,DF,Inter,36.0,1988.0,23,20,1710,19.0,0,1,1,0,0,0,0.4,0.6,0.4,1.0,5,1,20.0,0.26,0.05,1200,1297,92.5,62,9,8,19,22,20,1.05,1,0.05,23,26,5,49,81,0,1484,915,7,2,0,0,,,,,,,,,,,,,,,,,,,,,,44.8745397717991,37.185929648241206
6631,D,ghilardi,Roma,4,4,0,11,daniele ghilardi,it ITA,DF,Hellas Verona,21.0,2003.0,24,21,2029,22.5,0,0,0,0,0,0,0.6,0.2,0.6,0.8,12,4,33.3,0.53,0.18,633,807,78.4,57,6,3,16,7,16,0.71,1,0.04,44,30,10,74,106,0,1070,529,9,2,7,1,,,,,,,,,,,,,,,,,,,,,,42.22112145122229,37.185929648241206
2640,D,kolasinac,Atalanta,6,7,-1,15,sead kolasinac,ba BIH,DF,Atalanta,31.0,1993.0,23,23,1903,21.1,0,2,2,0,0,0,0.8,1.8,0.8,2.6,10,2,20.0,0.47,0.09,1115,1275,87.5,142,17,12,52,47,37,1.75,4,0.19,41,25,17,66,53,1,1458,878,17,16,7,0,,,,,,,,,,,,,,,,,,,,,,41.58038171656256,36.18090452261307
6814,D,norton cuffy,Genoa,4,3,1,11,brooke norton cuffy,eng ENG,"DF,FW",Genoa,20.0,2004.0,14,8,719,8.0,0,0,0,0,0,0,0.3,0.2,0.3,0.4,5,2,40.0,0.63,0.25,197,262,75.2,18,2,2,12,21,13,1.63,3,0.38,12,3,9,15,12,0,344,190,14,9,0,0,,,,,,,,,,,,,,,,,,,,,,33.669343422504575,36.18090452261307
2525,D,darmian,Inter,4,4,0,14,matteo darmian,it ITA,DF,Inter,34.0,1989.0,29,20,1781,19.8,3,2,5,3,0,0,1.9,1.5,1.9,3.5,11,3,27.3,0.56,0.15,844,1007,83.8,45,15,15,14,102,34,1.72,4,0.2,28,10,23,38,39,0,1144,593,15,6,3,0,,,,,,,,,,,,,,,,,,,,,,43.649529544505754,36.18090452261307
6047,D,ehizibue,Udinese,5,5,0,15,kingsley ehizibue,nl NED,DF,Udinese,29.0,1995.0,33,30,2498,27.8,0,1,1,0,0,0,1.2,2.2,1.2,3.5,14,4,28.6,0.5,0.14,753,982,76.7,55,22,21,54,116,51,1.84,2,0.07,55,23,22,78,70,5,1272,576,29,21,5,0,,,,,,,,,,,,,,,,,,,,,,34.10511066807923,35.175879396984925
6896,D,van der brempt,Como,4,4,0,8,ignace van der brempt,be BEL,DF,Como,22.0,2002.0,20,14,1257,14.0,0,1,1,0,0,0,0.5,0.5,0.5,0.9,7,3,42.9,0.5,0.21,551,679,81.1,42,10,6,19,34,22,1.58,3,0.21,40,17,17,57,34,0,841,432,21,10,3,0,,,,,,,,,,,,,,,,,,,,,,35.243741571306295,34.673366834170864
322,D,de vrij,Inter,8,9,-1,20,stefan de vrij,nl NED,DF,Inter,32.0,1992.0,25,17,1636,18.2,3,0,3,3,0,0,1.1,0.0,1.1,1.1,13,3,23.1,0.72,0.17,1309,1403,93.3,76,1,1,11,5,14,0.73,3,0.16,18,22,4,40,89,0,1613,988,4,1,2,0,,,,,,,,,,,,,,,,,,,,,,41.81201420356571,34.673366834170864
5739,D,de winter,Milan,7,8,-1,17,koni de winter,be BEL,DF,Genoa,22.0,2002.0,25,23,2135,23.7,3,0,3,3,0,0,2.1,0.2,2.1,2.3,13,7,53.8,0.55,0.3,1116,1289,86.6,56,3,3,10,10,15,0.63,1,0.04,33,25,10,58,118,3,1551,807,17,8,6,0,,,,,,,,,,,,,,,,,,,,,,39.75757320019416,34.673366834170864
327,D,patric,Lazio,4,4,0,7,patrick ciurria,it ITA,"MF,DF",Monza,29.0,1995.0,21,12,1111,12.3,1,1,2,1,0,0,0.8,2.3,0.8,3.1,11,2,18.2,0.89,0.16,313,433,72.3,27,13,8,19,52,26,2.11,2,0.16,22,6,13,28,22,0,542,306,18,14,1,0,,,,,,,,,,,,,,,,,,,,,,37.172042078272874,34.17085427135679
697,D,cuadrado,Pisa,7,7,0,13,juan cuadrado,co COL,"DF,MF",Atalanta,36.0,1988.0,23,7,832,9.2,0,2,2,0,0,0,0.9,2.0,0.9,2.9,16,4,25.0,1.73,0.43,476,601,79.2,64,19,24,41,90,37,4.0,3,0.32,19,7,11,26,9,0,722,462,14,10,3,0,,,,,,,,,,,,,,,,,,,,,,32.18762309014895,34.17085427135679
4904,D,mari,Fiorentina,6,7,-1,13,mario balotelli,it ITA,"FW,MF",Genoa,33.0,1990.0,6,0,62,0.7,0,0,0,0,0,0,0.0,0.0,0.0,0.0,2,0,0.0,2.9,0.0,4,15,26.7,1,0,0,0,5,0,0.0,0,0.0,0,0,1,0,1,0,23,10,1,0,2,0,,,,,,,,,,,,,,,,,,,,,,37.172042078272874,33.66834170854271
4751,D,tomori,Milan,8,8,0,25,fikayo tomori,eng ENG,DF,Milan,26.0,1997.0,22,19,1593,17.7,0,1,1,0,0,0,0.1,0.7,0.1,0.8,2,0,0.0,0.11,0.0,1019,1103,92.4,63,8,6,8,3,22,1.24,3,0.17,40,20,5,60,61,2,1260,721,9,2,4,1,,,,,,,,,,,,,,,,,,,,,,38.594818760881765,33.66834170854271
5481,D,mazzocchi,Napoli,3,3,0,5,pasquale mazzocchi,it ITA,"DF,FW",Napoli,29.0,1995.0,20,7,702,7.8,0,0,0,0,0,0,0.3,0.4,0.3,0.6,3,1,33.3,0.38,0.13,244,304,80.3,23,5,8,20,43,18,2.3,0,0.0,15,5,6,20,25,0,385,206,13,11,3,0,,,,,,,,,,,,,,,,,,,,,,40.30679863300996,33.165829145728644
6956,D,solet,Udinese,11,11,0,40,oumar solet,fr FRA,DF,Udinese,24.0,2000.0,19,19,1672,18.6,1,2,3,1,0,0,0.8,1.2,0.8,2.0,12,7,58.3,0.65,0.38,982,1110,88.5,65,17,9,20,6,33,1.78,3,0.16,33,17,8,50,78,4,1325,806,17,11,3,1,,,,,,,,,,,,,,,,,,,,,,32.15177132687361,33.165829145728644
6217,D,bisseck,Inter,8,9,-1,20,yann aurel bisseck,de GER,DF,Inter,23.0,2000.0,26,16,1553,17.3,3,2,5,3,0,0,2.6,0.9,2.6,3.4,21,5,23.8,1.22,0.29,1179,1284,91.8,93,7,7,32,44,20,1.1,4,0.22,17,17,16,34,64,1,1465,998,16,7,4,0,,,,,,,,,,,,,,,,,,,,,,39.36199374897901,32.663316582914575
6230,D,dossena,Como,4,4,0,11,alberto dossena,it ITA,DF,Como,25.0,1998.0,23,20,1825,20.3,0,2,2,0,0,0,0.8,0.7,0.8,1.5,12,3,25.0,0.59,0.15,894,1020,87.6,36,5,1,4,1,11,0.54,2,0.1,33,22,8,55,89,1,1220,693,8,3,1,1,,,,,,,,,,,,,,,,,,,,,,33.19179824594743,32.663316582914575
4374,D,walukiewicz,Sassuolo,5,5,0,11,sebastian walukiewicz,pl POL,DF,Torino,24.0,2000.0,29,20,1661,18.5,0,0,0,0,0,0,0.4,0.3,0.4,0.7,6,1,16.7,0.33,0.05,761,938,81.1,80,4,14,25,31,16,0.87,1,0.05,38,18,13,56,60,0,1119,557,9,5,6,0,,,,,,,,,,,,,,,,,,,,,,29.390146148293507,31.658291457286435
4401,D,gabbia,Milan,7,6,1,16,matteo gabbia,it ITA,DF,Milan,24.0,1999.0,26,24,2152,23.9,2,0,2,2,0,0,1.1,0.2,1.1,1.3,14,4,28.6,0.59,0.17,1316,1443,91.2,74,2,3,13,2,22,0.92,3,0.13,21,15,6,36,103,1,1635,1023,5,1,4,0,,,,,,,,,,,,,,,,,,,,,,36.26930988225698,31.658291457286435
5812,D,terracciano,Cremonese,5,2,3,13,filippo terracciano,it ITA,"DF,MF",Milan,21.0,2003.0,13,6,539,6.0,0,0,0,0,0,0,0.2,0.1,0.2,0.3,3,1,33.3,0.5,0.17,226,257,87.9,14,2,1,5,9,4,0.67,0,0.0,9,6,2,15,11,0,303,162,1,5,3,0,,,,,,,,,,,,,,,,,,,,,,29.038764738433382,31.658291457286435
6042,D,lucumi,Bologna,8,8,0,21,jhon lucumi,co COL,DF,Bologna,26.0,1998.0,32,29,2614,29.0,0,1,1,0,0,0,0.6,0.4,0.6,1.0,13,2,15.4,0.45,0.07,1859,2040,91.1,108,8,0,34,7,34,1.17,2,0.07,53,26,7,79,88,7,2294,1464,13,4,8,1,,,,,,,,,,,,,,,,,,,,,,33.22166178740354,31.155778894472363
49,D,masina,Torino,2,3,-1,8,adam masina,ma MAR,DF,Torino,30.0,1994.0,28,20,1919,21.3,1,2,3,1,0,0,0.7,0.3,0.7,1.0,8,2,25.0,0.38,0.09,1066,1267,84.1,73,4,6,15,10,21,0.98,4,0.19,33,27,4,60,95,2,1502,853,12,8,5,0,,,,,,,,,,,,,,,,,,,,,,32.151678245705426,31.155778894472363
5831,D,gatti,Juventus,8,8,0,13,federico gatti,it ITA,DF,Juventus,26.0,1998.0,30,26,2195,24.4,1,0,1,1,0,0,2.5,0.5,2.5,2.9,25,9,36.0,1.03,0.37,1387,1460,95.0,73,6,3,24,6,26,1.07,2,0.08,28,18,6,46,76,2,1687,1165,12,8,2,0,,,,,,,,,,,,,,,,,,,,,,35.54610023259433,30.65326633165829
5353,D,balogh,Parma,3,3,0,7,botond balogh,hu HUN,DF,Parma,22.0,2002.0,29,23,2053,22.8,0,1,1,0,0,0,0.4,0.1,0.4,0.5,3,0,0.0,0.13,0.0,861,964,89.3,37,2,0,7,1,8,0.35,2,0.09,36,25,8,61,141,2,1228,621,9,1,5,0,,,,,,,,,,,,,,,,,,,,,,28.83190735569277,30.65326633165829
6869,D,ramon,Como,5,4,1,13,ramon hendriks,nl NED,DF,Stuttgart,23.0,2001.0,25,10,1154,12.8,0,1,1,0,0,0,0.6,1.0,0.6,1.6,5,1,20.0,0.39,0.08,576,688,83.7,36,6,5,8,22,13,1.01,2,0.16,20,19,9,39,63,0,839,418,6,4,3,0,,,,,,,,,,,,,,,,,,,,,,30.113883257909148,29.648241206030157
6893,D,kempf,Como,6,5,1,15,marc oliver kempf,de GER,DF,Como,29.0,1995.0,31,30,2615,29.1,0,0,0,0,0,0,1.6,1.2,1.6,2.7,20,4,20.0,0.69,0.14,1498,1718,87.2,85,10,9,17,4,34,1.17,2,0.07,30,33,12,63,136,4,2010,1136,12,5,6,1,,,,,,,,,,,,,,,,,,,,,,29.60089742656943,29.145728643216085
5532,D,bradaric,Verona,4,4,0,8,domagoj bradaric,hr CRO,DF,Hellas Verona,24.0,1999.0,28,24,1933,21.5,1,0,1,1,0,0,0.8,2.2,0.8,3.0,9,4,44.4,0.42,0.19,565,780,72.4,46,25,16,30,83,47,2.19,1,0.05,36,15,25,51,49,1,988,426,30,11,6,0,,,,,,,,,,,,,,,,,,,,,,24.165732881558714,29.145728643216085
5678,D,holm,Bologna,7,8,-1,15,emil holm,se SWE,DF,Bologna,24.0,2000.0,21,12,1137,12.6,1,1,2,1,0,0,0.6,0.7,0.6,1.3,10,3,30.0,0.79,0.24,560,735,76.2,49,10,14,29,43,28,2.22,2,0.16,34,10,12,44,51,1,909,442,26,14,3,0,,,,,,,,,,,,,,,,,,,,,,31.06335771387686,29.145728643216085
6965,D,lovik,Parma,3,2,1,11,mathias lovik,no NOR,"DF,FW",Parma,20.0,2003.0,6,0,92,1.0,0,0,0,0,0,0,0.1,0.1,0.1,0.2,1,0,0.0,0.98,0.0,40,54,74.1,1,1,1,0,6,1,0.98,0,0.0,1,2,2,3,3,0,70,42,6,1,0,0,,,,,,,,,,,,,,,,,,,,,,27.412326459857894,29.145728643216085
418,D,goldaniga,Como,4,4,0,6,edoardo goldaniga,it ITA,DF,Como,30.0,1993.0,32,28,2532,28.1,1,0,1,1,0,0,2.5,0.3,2.5,2.8,12,5,41.7,0.43,0.18,1310,1517,86.4,81,4,6,20,8,25,0.89,3,0.11,34,33,10,67,102,3,1757,1008,10,8,12,1,,,,,,,,,,,,,,,,,,,,,,28.57492576389,28.140703517587944
2653,D,lykogiannis,Bologna,5,5,0,12,charalambos lykogiannis,gr GRE,DF,Bologna,30.0,1993.0,17,12,1048,11.6,0,4,4,0,0,0,0.2,1.6,0.2,1.8,6,2,33.3,0.52,0.17,504,706,71.4,49,19,13,10,36,33,2.83,5,0.43,23,11,20,34,41,1,810,368,7,3,3,0,,,,,,,,,,,,,,,,,,,,,,29.984205677113522,28.140703517587944
6900,D,rui modesto,Udinese,3,3,0,6,rui modesto,ao ANG,"DF,MF",Udinese,24.0,1999.0,20,4,608,6.8,0,1,1,0,0,0,0.5,0.8,0.5,1.3,3,2,66.7,0.44,0.3,231,310,74.5,22,14,6,16,43,23,3.4,2,0.3,16,8,8,24,13,0,388,166,9,3,1,0,,,,,,,,,,,,,,,,,,,,,,27.26842297385955,28.140703517587944
5168,D,tsimikas,Roma,4,4,0,8,kostas tsimikas,gr GRE,DF,Liverpool,28.0,1996.0,18,9,837,9.3,0,1,1,0,0,0,0.4,2.1,0.4,2.5,4,2,50.0,0.43,0.22,550,654,84.1,76,16,12,17,43,31,3.33,2,0.21,31,11,9,42,20,0,741,368,6,4,2,0,,,,,,,,,,,,,,,,,,,,,,31.293593983357404,27.638190954773872
6985,D,cande,Sassuolo,6,6,0,14,fali cande,gw GNB,DF,Venezia,26.0,1998.0,17,17,1530,17.0,1,1,2,1,0,0,1.1,0.6,1.1,1.7,5,2,40.0,0.29,0.12,761,939,81.0,47,4,3,5,3,14,0.82,3,0.18,25,15,11,40,90,2,1131,557,12,8,4,0,,,,,,,,,,,,,,,,,,,,,,24.72290124072543,26.633165829145728
256,D,juan jesus,Napoli,4,3,1,14,juan jesus,br BRA,DF,Napoli,33.0,1991.0,15,12,1074,11.9,0,1,1,0,0,0,0.3,0.0,0.3,0.4,3,0,0.0,0.25,0.0,764,853,89.6,50,1,2,3,2,9,0.75,1,0.08,25,9,10,34,42,0,952,589,4,1,2,0,,,,,,,,,,,,,,,,,,,,,,32.275662361714346,26.633165829145728
6957,D,valentini,Verona,4,4,0,9,nicolas valentini,ar ARG,DF,Hellas Verona,23.0,2001.0,14,13,1129,12.5,0,0,0,0,0,0,0.3,0.8,0.3,1.2,8,0,0.0,0.64,0.0,316,468,67.5,42,6,2,4,1,11,0.88,0,0.0,35,15,11,50,97,0,654,268,5,2,5,1,,,,,,,,,,,,,,,,,,,,,,21.680744934794312,26.13065326633166
6351,D,lamptey,Fiorentina,4,4,0,8,tariq lamptey,gh GHA,DF,Brighton,23.0,2000.0,15,10,860,9.6,2,2,4,2,0,0,0.4,0.8,0.4,1.2,6,2,33.3,0.63,0.21,335,413,81.1,14,5,6,32,45,17,1.78,3,0.31,17,7,6,24,23,1,535,292,11,5,0,0,,,,,,,,,,,,,,,,,,,,,,28.225700734425928,25.628140703517595
7181,D,wesley,Roma,15,14,1,52,wesley fofana,fr FRA,DF,Chelsea,23.0,2000.0,14,14,1172,13.0,0,0,0,0,0,0,0.4,0.4,0.4,0.8,3,0,0.0,0.23,0.0,724,803,90.2,32,6,1,19,4,15,1.15,0,0.0,13,14,4,27,55,2,933,557,16,5,7,0,,,,,,,,,,,,,,,,,,,,,,28.99306188485953,25.628140703517595
6642,D,coco,Torino,8,8,0,12,marcus coco,fr FRA,DF,Nantes,28.0,1996.0,20,10,951,10.6,0,1,1,0,0,0,0.1,1.2,0.1,1.3,2,0,0.0,0.19,0.0,384,483,79.5,34,10,10,12,40,20,1.89,1,0.09,27,11,6,38,46,0,608,297,11,6,3,2,,,,,,,,,,,,,,,,,,,,,,25.894389796318233,25.125628140703522
6766,D,kelly,Juventus,7,7,0,14,skelly alvero,fr FRA,MF,Werder Bremen,22.0,2002.0,12,1,236,2.6,0,0,0,0,0,0,0.0,0.0,0.0,0.0,1,0,0.0,0.38,0.0,68,91,74.7,8,0,3,1,0,2,0.76,0,0.0,11,2,3,13,10,0,136,70,6,4,1,0,,,,,,,,,,,,,,,,,,,,,,28.478633295413097,24.623115577889447
2263,D,lazzari,Lazio,4,4,0,11,manuel lazzari,it ITA,DF,Lazio,30.0,1993.0,25,16,1406,15.6,0,1,1,0,0,0,0.1,1.3,0.1,1.4,6,2,33.3,0.38,0.13,609,770,79.1,66,20,22,72,96,36,2.3,2,0.13,26,10,23,36,19,0,896,518,27,7,3,0,,,,,,,,,,,,,,,,,,,,,,26.1611604243074,24.120603015075382
4263,D,kabasele,Udinese,3,3,0,6,christian kabasele,be BEL,DF,Udinese,33.0,1991.0,16,12,1161,12.9,2,0,2,2,0,0,1.5,0.4,1.5,1.9,15,4,26.7,1.16,0.31,481,564,85.3,44,6,1,9,7,12,0.93,0,0.0,17,14,3,31,75,1,715,393,9,3,0,0,,,,,,,,,,,,,,,,,,,,,,23.361744291448307,24.120603015075382
5156,D,nkounkou,Torino,3,3,0,6,niels nkounkou,fr FRA,"DF,MF",Eint Frankfurt,23.0,2000.0,12,4,382,4.2,0,0,0,0,0,0,0.2,1.3,0.2,1.5,4,0,0.0,0.94,0.0,162,235,68.9,15,9,4,17,21,16,3.77,1,0.24,13,7,10,20,15,0,295,178,7,4,1,0,,,,,,,,,,,,,,,,,,,,,,24.85150838808704,24.120603015075382
2788,D,bremer,Juventus,13,13,0,50,gleison bremer,br BRA,DF,Juventus,27.0,1997.0,6,6,540,6.0,0,0,0,0,0,0,0.1,0.0,0.1,0.1,3,0,0.0,0.5,0.0,468,504,92.9,21,0,0,2,0,3,0.5,0,0.0,15,6,0,21,16,0,569,352,4,2,2,0,,,,,,,,,,,,,,,,,,,,,,27.889677717314665,24.120603015075382
6809,D,marianucci,Napoli,3,3,0,9,luca marianucci,it ITA,DF,Empoli,20.0,2004.0,18,12,1069,11.9,0,0,0,0,0,0,0.6,0.2,0.6,0.8,8,2,25.0,0.67,0.17,354,461,76.8,28,3,2,12,3,12,1.01,0,0.0,28,19,4,47,63,1,609,299,7,3,0,1,,,,,,,,,,,,,,,,,,,,,,29.18676379583143,24.120603015075382
6867,D,valle,Como,6,6,0,13,alex valle,es ESP,DF,Como,20.0,2004.0,15,12,1030,11.4,0,0,0,0,0,0,0.3,0.7,0.3,1.0,9,1,11.1,0.79,0.09,562,661,85.0,44,11,9,19,30,25,2.18,0,0.0,26,8,20,34,42,0,799,425,18,8,2,0,,,,,,,,,,,,,,,,,,,,,,23.95805328183256,23.61809045226131
5750,D,ostigard,Genoa,5,5,0,13,leo skiri ostigard,no NOR,DF,Rennes,24.0,1999.0,16,14,1227,13.6,1,0,1,1,0,0,0.7,0.2,0.7,0.9,6,2,33.3,0.44,0.15,676,797,84.8,50,2,0,3,1,8,0.59,0,0.0,20,15,6,35,81,1,948,490,7,1,4,0,,,,,,,,,,,,,,,,,,,,,,21.504860310763892,23.115577889447238
2593,D,martin,Genoa,10,10,0,32,martin adeline,fr FRA,MF,Reims,20.0,2003.0,1,0,26,0.3,0,0,0,0,0,0,0.0,0.0,0.0,0.0,0,0,,0.0,0.0,8,10,80.0,0,0,0,1,1,0,0.0,0,0.0,1,0,0,1,2,0,14,6,0,0,0,0,,,,,,,,,,,,,,,,,,,,,,20.569130840629995,22.110552763819097
6916,D,ahanor,Atalanta,6,6,0,9,honest ahanor,it ITA,"DF,MF",Genoa,16.0,2008.0,6,3,270,3.0,0,0,0,0,0,0,0.5,0.1,0.5,0.6,3,1,33.3,1.0,0.33,51,76,67.1,3,2,0,3,7,5,1.67,0,0.0,7,1,3,8,9,0,106,52,7,2,0,0,,,,,,,,,,,,,,,,,,,,,,24.687375261538687,21.608040201005025
252,D,biraghi,Torino,8,8,0,23,cristiano biraghi,it ITA,DF,Torino,31.0,1992.0,15,13,1158,12.9,0,0,0,0,0,0,0.5,2.7,0.5,3.1,10,1,10.0,0.78,0.08,513,717,71.5,36,25,19,24,49,41,3.19,0,0.0,16,8,17,24,44,0,832,390,11,2,0,0,,,,,,,,,,,,,,,,,,,,,,22.24430486750904,21.608040201005025
6551,D,ilic,Bologna,1,1,0,2,cesar azpilicueta,es ESP,DF,Atlético Madrid,34.0,1989.0,14,10,875,9.7,1,0,1,1,0,0,0.2,0.1,0.2,0.3,5,2,40.0,0.51,0.21,581,671,86.6,66,3,4,13,20,8,0.82,1,0.1,25,5,4,30,32,0,759,432,8,1,1,0,,,,,,,,,,,,,,,,,,,,,,21.350989383006823,20.100502512562816
4994,D,vojvoda,Como,7,6,1,13,mergim vojvoda,xk KVX,DF,Torino,29.0,1995.0,17,12,1105,12.3,0,0,0,0,0,0,0.4,0.4,0.4,0.8,5,0,0.0,0.41,0.0,662,792,83.6,64,11,16,18,34,27,2.2,1,0.08,18,7,12,25,24,1,875,577,8,8,4,0,,,,,,,,,,,,,,,,,,,,,,20.367152462454545,20.100502512562816
5899,D,gigot,Lazio,4,4,0,7,samuel gigot,fr FRA,DF,Lazio,30.0,1993.0,15,7,683,7.6,2,0,2,2,0,0,1.3,0.0,1.3,1.3,4,3,75.0,0.53,0.4,287,312,92.0,12,0,0,7,5,6,0.79,1,0.13,4,13,2,17,36,0,391,205,4,1,2,0,,,,,,,,,,,,,,,,,,,,,,20.65571959732466,19.095477386934675
5578,D,kossounou,Atalanta,8,9,-1,22,odilon kossounou,ci CIV,DF,Atalanta,23.0,2001.0,18,12,1125,12.5,0,0,0,0,0,0,0.5,0.0,0.5,0.6,6,4,66.7,0.48,0.32,599,679,88.2,46,1,2,13,14,7,0.56,0,0.0,16,13,6,29,25,1,790,456,12,3,1,0,,,,,,,,,,,,,,,,,,,,,,21.192270477740646,18.592964824120603
487,D,de silvestri,Bologna,4,4,0,10,lorenzo de silvestri,it ITA,DF,Bologna,36.0,1988.0,18,13,1060,11.8,1,0,1,1,0,0,0.8,0.3,0.8,1.1,9,4,44.4,0.76,0.34,446,564,79.1,46,5,6,4,30,14,1.19,2,0.17,11,10,9,21,32,0,657,313,7,2,1,0,,,,,,,,,,,,,,,,,,,,,,19.732261327861817,18.592964824120603
5435,D,moreno,Como,3,3,0,7,alberto moreno,es ESP,DF,Como,32.0,1992.0,24,21,1727,19.2,0,0,0,0,0,0,0.4,1.2,0.4,1.6,14,6,42.9,0.73,0.31,893,1082,82.5,81,19,23,23,58,36,1.88,2,0.1,25,14,20,39,40,2,1224,722,18,3,4,0,,,,,,,,,,,,,,,,,,,,,,18.315209137095685,18.090452261306535
6066,D,posch,Como,4,5,-1,10,stefan posch,at AUT,DF,Bologna,27.0,1997.0,14,7,714,7.9,0,0,0,0,0,0,0.3,0.7,0.3,1.0,2,0,0.0,0.25,0.0,396,505,78.4,36,10,11,11,35,18,2.26,1,0.13,26,5,12,31,22,0,602,295,9,12,1,0,,,,,,,,,,,,,,,,,,,,,,17.80222330575597,17.587939698492463
4159,D,akanji,Inter,9,9,0,20,manuel akanji,ch SUI,DF,Manchester City,29.0,1995.0,26,23,2014,22.4,0,0,0,0,0,0,1.6,0.4,1.6,1.9,15,2,13.3,0.67,0.09,1632,1744,93.6,158,9,11,46,7,37,1.65,3,0.13,19,9,6,28,64,3,1881,1254,5,5,3,0,,,,,,,,,,,,,,,,,,,,,,20.37433522593204,17.085427135678394
6870,D,faye,Cremonese,4,4,0,9,mikayil ngor faye,sn SEN,DF,Rennes,20.0,2004.0,11,7,688,7.6,0,0,0,0,0,0,0.4,0.0,0.4,0.4,6,3,50.0,0.78,0.39,473,534,88.6,35,1,1,12,4,4,0.52,1,0.13,15,12,6,27,30,0,617,386,9,4,1,1,,,,,,,,,,,,,,,,,,,,,,15.212720720659224,16.582914572864322
6894,D,unai nunez,Verona,5,5,0,10,unai nunez,es ESP,DF,Athletic Club,27.0,1997.0,10,7,645,7.2,0,0,0,0,0,0,0.2,0.1,0.2,0.3,1,0,0.0,0.14,0.0,283,325,87.1,26,1,1,2,0,2,0.28,0,0.0,10,17,0,27,46,1,415,225,6,0,4,0,,,,,,,,,,,,,,,,,,,,,,13.39745177891299,16.080402010050253
7014,D,smolcic,Como,2,2,0,5,ivan smolcic,hr CRO,DF,Como,23.0,2000.0,9,7,630,7.0,0,0,0,0,0,0,0.4,0.1,0.4,0.6,7,3,42.9,1.0,0.43,327,394,83.0,23,2,3,3,9,8,1.14,0,0.0,16,10,4,26,24,0,475,231,8,3,2,0,,,,,,,,,,,,,,,,,,,,,,15.750279980397108,15.577889447236181
140,D,hysaj,Lazio,3,3,0,6,elseid hysaj,al ALB,DF,Lazio,30.0,1994.0,11,4,424,4.7,0,3,3,0,0,0,0.2,1.6,0.2,1.8,2,0,0.0,0.42,0.0,214,264,81.1,14,6,9,4,18,10,2.12,3,0.64,11,5,5,16,21,0,318,153,5,0,2,1,,,,,,,,,,,,,,,,,,,,,,16.80191101843674,15.577889447236181
6639,D,frese,Verona,3,3,0,9,martin frese,dk DEN,DF,Hellas Verona,26.0,1998.0,11,5,549,6.1,0,0,0,0,0,0,0.1,0.2,0.1,0.2,2,0,0.0,0.33,0.0,182,256,71.1,19,5,4,7,12,10,1.64,1,0.16,18,8,3,26,16,1,320,153,4,0,0,0,,,,,,,,,,,,,,,,,,,,,,12.983287121118922,15.577889447236181
5498,D,casale,Bologna,4,4,0,8,nicolo casale,it ITA,DF,Bologna,26.0,1998.0,15,9,900,10.0,0,1,1,0,0,0,0.5,0.5,0.5,0.9,4,1,25.0,0.4,0.1,448,512,87.5,29,3,2,3,2,12,1.2,2,0.2,11,17,7,28,43,3,615,328,9,1,1,0,,,,,,,,,,,,,,,,,,,,,,15.955229199190136,15.075376884422113
6986,D,rensch,Roma,4,5,-1,13,devyne rensch,nl NED,DF,Roma,21.0,2003.0,14,5,469,5.2,0,1,1,0,0,0,0.3,0.8,0.3,1.0,3,2,66.7,0.58,0.38,213,260,81.9,14,2,4,2,25,14,2.69,1,0.19,17,7,4,24,12,1,319,161,5,2,0,0,,,,,,,,,,,,,,,,,,,,,,16.340135343121233,14.572864321608042
4887,D,bellanova,Atalanta,13,13,0,51,raoul bellanova,it ITA,DF,Torino,24.0,2000.0,1,1,87,1.0,0,0,0,0,0,0,0.0,0.1,0.0,0.1,1,0,0.0,1.03,0.0,31,43,72.1,0,1,0,4,5,1,1.03,0,0.0,0,0,0,0,4,0,51,34,1,0,0,0,,,,,,,,,,,,,,,,,,,,,,16.53213076600992,14.572864321608042
5526,D,scalvini,Atalanta,8,8,0,24,giorgio scalvini,it ITA,DF,Atalanta,20.0,2003.0,6,4,272,3.0,0,0,0,0,0,0,0.1,0.0,0.1,0.1,4,0,0.0,1.32,0.0,165,195,84.6,20,0,2,5,7,1,0.33,0,0.0,8,4,3,12,7,0,228,158,2,0,2,0,,,,,,,,,,,,,,,,,,,,,,16.53213076600992,14.572864321608042
5603,D,pongracic,Fiorentina,5,5,0,16,marin pongracic,hr CRO,DF,Fiorentina,26.0,1997.0,19,14,1292,14.4,0,0,0,0,0,0,0.2,0.2,0.2,0.4,2,1,50.0,0.14,0.07,691,775,89.2,34,5,3,7,5,12,0.79,1,0.07,18,12,4,30,69,2,922,560,10,7,3,1,,,,,,,,,,,,,,,,,,,,,,15.365335052645934,14.070351758793972
6832,D,palestra,Cagliari,4,3,1,8,marco palestra,it ITA,DF,Atalanta,19.0,2005.0,9,2,222,2.5,0,0,0,0,0,0,0.0,0.2,0.0,0.2,0,0,,0.0,0.0,85,109,78.0,6,3,3,13,14,8,3.21,0,0.0,6,2,4,8,4,0,137,89,3,1,0,0,,,,,,,,,,,,,,,,,,,,,,11.555639190708884,12.562814070351761
6990,D,veiga,Lecce,2,1,1,8,danilo veiga,pt POR,DF,Lecce,21.0,2002.0,13,2,374,4.2,0,0,0,0,0,0,0.6,0.3,0.6,0.9,5,0,0.0,1.2,0.0,104,161,64.6,10,6,5,10,13,14,3.38,1,0.24,8,4,5,12,14,0,225,111,10,5,0,0,,,,,,,,,,,,,,,,,,,,,,11.042327575280558,12.562814070351761
7253,D,bella kotchap,Verona,6,6,0,14,armel bella kotchap,de GER,DF,Southampton,22.0,2001.0,4,2,331,3.7,0,0,0,0,0,0,0.3,0.0,0.3,0.3,1,0,0.0,0.27,0.0,202,224,90.2,5,0,0,0,0,2,0.54,0,0.0,7,5,1,12,21,1,263,186,1,0,0,0,,,,,,,,,,,,,,,,,,,,,,9.669969858766393,11.557788944723619
6426,D,pedersen,Torino,4,4,0,9,mads pedersen,dk DEN,DF,Augsburg,27.0,1996.0,7,2,235,2.6,0,0,0,0,0,0,0.1,0.0,0.1,0.1,2,0,0.0,0.77,0.0,70,90,77.8,11,0,2,1,10,4,1.53,0,0.0,8,2,3,10,6,0,123,53,4,1,0,0,,,,,,,,,,,,,,,,,,,,,,10.772609376965855,10.552763819095476
388,D,albiol,Pisa,5,5,0,10,raul albiol,es ESP,DF,Villarreal,38.0,1985.0,15,14,1188,13.2,0,0,0,0,0,0,0.1,0.0,0.1,0.1,2,0,0.0,0.15,0.0,727,813,89.4,34,0,1,3,0,5,0.38,3,0.23,10,6,3,16,69,1,915,514,3,1,5,0,,,,,,,,,,,,,,,,,,,,,,9.4423088349387,10.050251256281408
6663,D,circati,Parma,5,5,0,13,alessandro circati,au AUS,DF,Parma,20.0,2003.0,6,6,540,6.0,0,0,0,0,0,0,0.3,0.0,0.3,0.3,2,0,0.0,0.33,0.0,197,229,86.0,10,1,0,1,0,3,0.5,0,0.0,7,3,1,10,42,1,301,123,4,2,1,0,,,,,,,,,,,,,,,,,,,,,,8.484581182059474,9.045226130653267
6660,D,marcandalli,Genoa,4,3,1,2,alessandro marcandalli,it ITA,DF,Genoa,21.0,2002.0,2,1,46,0.5,0,0,0,0,0,0,0.0,0.0,0.0,0.0,0,0,,0.0,0.0,12,20,60.0,1,0,0,0,0,0,0.0,0,0.0,1,0,1,1,2,0,24,11,0,0,0,0,,,,,,,,,,,,,,,,,,,,,,8.404647728889305,9.045226130653267
4137,D,diego carlos,Como,5,5,0,10,diego carlos,br BRA,DF,Aston Villa,31.0,1993.0,10,8,830,9.2,0,0,0,0,0,0,0.6,0.0,0.6,0.6,4,1,25.0,0.43,0.11,534,603,88.6,34,0,1,3,0,4,0.43,0,0.0,8,5,0,13,36,2,674,419,1,2,1,0,,,,,,,,,,,,,,,,,,,,,,8.568478341641088,8.542713567839197
4807,D,hermoso,Roma,4,3,1,15,mario hermoso,es ESP,DF,Roma,29.0,1995.0,8,2,251,2.8,0,0,0,0,0,0,0.1,0.0,0.1,0.1,1,0,0.0,0.36,0.0,182,202,90.1,14,0,2,3,5,4,1.43,0,0.0,2,4,4,6,13,0,227,104,0,1,2,1,,,,,,,,,,,,,,,,,,,,,,9.438539047627618,8.542713567839197
6989,D,tiago gabriel,Lecce,2,1,1,2,tiago gabriel,pt POR,DF,Lecce,19.0,2004.0,2,0,96,1.1,0,0,0,0,0,0,0.0,0.0,0.0,0.0,0,0,,0.0,0.0,35,40,87.5,1,0,1,0,0,1,0.94,0,0.0,0,0,2,0,11,0,56,31,0,0,0,0,,,,,,,,,,,,,,,,,,,,,,5.775608917610289,6.532663316582915
6039,D,cabal,Juventus,4,5,-1,10,juan david cabal,co COL,DF,Juventus,23.0,2001.0,7,6,460,5.1,0,0,0,0,0,0,0.1,0.0,0.1,0.2,5,0,0.0,0.98,0.0,307,350,87.7,17,1,3,14,19,3,0.59,3,0.59,10,2,7,12,14,1,401,242,6,4,0,0,,,,,,,,,,,,,,,,,,,,,,7.276232483869421,6.532663316582915
7018,D,nelsson,Verona,4,5,-1,10,victor nelsson,dk DEN,DF,Roma,25.0,1998.0,4,1,187,2.1,0,0,0,0,0,0,0.0,0.0,0.0,0.0,1,0,0.0,0.48,0.0,106,120,88.3,4,0,0,0,0,0,0.0,0,0.0,5,2,0,7,9,0,141,66,4,0,0,0,,,,,,,,,,,,,,,,,,,,,,5.114158623031663,6.0301507537688455
6803,D,rouhi,Juventus,1,1,0,4,jonas rouhi,se SWE,DF,Juventus,20.0,2004.0,5,1,210,2.3,0,0,0,0,0,0,0.0,0.0,0.0,0.0,0,0,,0.0,0.0,126,159,79.2,9,0,0,1,7,0,0.0,0,0.0,4,3,6,7,2,0,192,84,5,5,0,0,,,,,,,,,,,,,,,,,,,,,,6.687276905770985,6.0301507537688455
6496,D,bartesaghi,Milan,3,3,0,5,davide bartesaghi,it ITA,DF,Milan,18.0,2005.0,4,1,118,1.3,0,0,0,0,0,0,0.0,0.1,0.0,0.1,1,1,100.0,0.76,0.76,65,76,85.5,2,2,3,2,17,2,1.53,0,0.0,4,3,3,7,1,0,89,55,0,1,0,1,,,,,,,,,,,,,,,,,,,,,,6.619071679790851,6.0301507537688455
5994,D,ebosse,Verona,4,4,0,11,enzo ebosse,cm CMR,DF,Udinese,25.0,1999.0,2,0,90,1.0,0,0,0,0,0,0,0.0,0.0,0.0,0.0,0,0,,0.0,0.0,48,55,87.3,5,1,0,0,0,3,3.0,0,0.0,0,1,0,1,1,0,61,34,1,0,1,0,,,,,,,,,,,,,,,,,,,,,,4.699993965237597,5.527638190954774
5514,D,vasquez,Genoa,10,9,1,20,devis vasquez,co COL,GK,Empoli,26.0,1998.0,32,32,2880,32.0,0,0,0,0,0,0,0.0,0.0,0.0,0.0,0,0,,0.0,0.0,667,1105,60.4,0,0,1,0,0,6,0.19,0,0.0,0,0,1,0,21,4,1183,701,2,0,2,0,32.0,32.0,2880.0,32.0,45.0,1.41,125.0,79.0,64.8,6.0,12.0,14.0,6.0,18.8,1.0,1.0,1.0,40.2,0.31,-4.8,-0.15,5.129594583420662,5.527638190954774
7271,D,odogu,Milan,2,2,0,5,david odogu,de GER,DF,Wolfsburg,18.0,2006.0,3,2,195,2.2,0,0,0,0,0,0,0.2,0.0,0.2,0.2,2,0,0.0,0.92,0.0,87,99,87.9,8,0,1,1,0,1,0.46,0,0.0,6,2,0,8,25,1,143,78,1,0,0,0,,,,,,,,,,,,,,,,,,,,,,6.037694460134654,5.527638190954774
6992,D,oyegoke,Verona,2,2,0,4,daniel oyegoke,eng ENG,DF,Hellas Verona,21.0,2003.0,5,0,103,1.1,0,0,0,0,0,0,0.0,0.0,0.0,0.0,1,0,0.0,0.87,0.0,32,46,69.6,2,0,1,2,5,0,0.0,0,0.0,2,1,1,3,7,0,65,32,2,2,1,0,,,,,,,,,,,,,,,,,,,,,,3.8716646496494636,4.522613065326634
6826,D,dembele,Torino,1,1,0,3,ali dembele,fr FRA,DF,Torino,20.0,2004.0,15,4,388,4.3,1,0,1,1,0,0,0.4,0.1,0.4,0.5,5,2,40.0,1.16,0.46,127,168,75.6,12,3,1,8,8,7,1.62,0,0.0,9,1,4,10,11,1,222,101,9,5,4,1,,,,,,,,,,,,,,,,,,,,,,4.515320927578664,4.522613065326634
6977,D,otoa,Genoa,2,2,0,3,sebastian otoa,dk DEN,DF,Genoa,20.0,2004.0,3,3,179,2.0,0,0,0,0,0,0,0.0,0.0,0.0,0.0,0,0,,0.0,0.0,56,64,87.5,0,0,0,0,0,0,0.0,0,0.0,1,3,0,4,14,0,88,49,2,1,1,1,,,,,,,,,,,,,,,,,,,,,,2.790270908085915,3.0150753768844227
6925,D,palma,Udinese,1,1,0,7,matteo palma,de GER,DF,Udinese,16.0,2008.0,1,0,5,0.1,0,0,0,0,0,0,0.0,0.0,0.0,0.0,0,0,,0.0,0.0,5,7,71.4,1,0,0,0,0,0,0.0,0,0.0,0,0,0,0,1,0,9,5,0,0,0,0,,,,,,,,,,,,,,,,,,,,,,2.3633463734878775,2.512562814070352
7175,D,joao mario,Juventus,8,8,0,17,,,,,,,,,,,,,,,,,,,,,,,,,,,,,,,,,,,,,,,,,,,,,,,,,,,,,,,,,,,,,,,,,,,,,,,1.3866767028850664,1.5075376884422114
7011,D,slotsager,Verona,2,2,0,5,,,,,,,,,,,,,,,,,,,,,,,,,,,,,,,,,,,,,,,,,,,,,,,,,,,,,,,,,,,,,,,,,,,,,,,1.3866767028850664,1.5075376884422114
7156,D,pieragnolo,Sassuolo,2,2,0,4,,,,,,,,,,,,,,,,,,,,,,,,,,,,,,,,,,,,,,,,,,,,,,,,,,,,,,,,,,,,,,,,,,,,,,,1.3866767028850664,1.5075376884422114
5406,D,di pardo,Cagliari,2,2,0,4,,,,,,,,,,,,,,,,,,,,,,,,,,,,,,,,,,,,,,,,,,,,,,,,,,,,,,,,,,,,,,,,,,,,,,,1.3866767028850664,1.5075376884422114
6444,D,bonfanti,Pisa,2,2,0,5,,,,,,,,,,,,,,,,,,,,,,,,,,,,,,,,,,,,,,,,,,,,,,,,,,,,,,,,,,,,,,,,,,,,,,,1.3866767028850664,1.5075376884422114
7130,D,folino,Cremonese,4,4,0,9,,,,,,,,,,,,,,,,,,,,,,,,,,,,,,,,,,,,,,,,,,,,,,,,,,,,,,,,,,,,,,,,,,,,,,,1.3866767028850664,1.5075376884422114
612,D,bianchetti,Cremonese,4,3,1,4,,,,,,,,,,,,,,,,,,,,,,,,,,,,,,,,,,,,,,,,,,,,,,,,,,,,,,,,,,,,,,,,,,,,,,,1.3866767028850664,1.5075376884422114
7068,D,vitik,Bologna,8,8,0,18,,,,,,,,,,,,,,,,,,,,,,,,,,,,,,,,,,,,,,,,,,,,,,,,,,,,,,,,,,,,,,,,,,,,,,,1.3866767028850664,1.5075376884422114
6664,D,delprato,Parma,9,8,1,21,,,,,,,,,,,,,,,,,,,,,,,,,,,,,,,,,,,,,,,,,,,,,,,,,,,,,,,,,,,,,,,,,,,,,,,1.3866767028850664,1.5075376884422114
7155,D,muharemovic,Sassuolo,5,5,0,12,,,,,,,,,,,,,,,,,,,,,,,,,,,,,,,,,,,,,,,,,,,,,,,,,,,,,,,,,,,,,,,,,,,,,,,1.3866767028850664,1.5075376884422114
7212,D,heggem,Bologna,5,4,1,11,,,,,,,,,,,,,,,,,,,,,,,,,,,,,,,,,,,,,,,,,,,,,,,,,,,,,,,,,,,,,,,,,,,,,,,1.3866767028850664,1.5075376884422114
7196,D,denoon,Pisa,2,2,0,4,,,,,,,,,,,,,,,,,,,,,,,,,,,,,,,,,,,,,,,,,,,,,,,,,,,,,,,,,,,,,,,,,,,,,,,1.3866767028850664,1.5075376884422114
2273,D,caracciolo,Pisa,5,4,1,12,,,,,,,,,,,,,,,,,,,,,,,,,,,,,,,,,,,,,,,,,,,,,,,,,,,,,,,,,,,,,,,,,,,,,,,1.3866767028850664,1.5075376884422114
7131,D,floriani mussolini,Cremonese,5,5,0,9,,,,,,,,,,,,,,,,,,,,,,,,,,,,,,,,,,,,,,,,,,,,,,,,,,,,,,,,,,,,,,,,,,,,,,,1.3866767028850664,1.5075376884422114
7235,D,troilo,Parma,6,6,0,13,,,,,,,,,,,,,,,,,,,,,,,,,,,,,,,,,,,,,,,,,,,,,,,,,,,,,,,,,,,,,,,,,,,,,,,1.3866767028850664,1.5075376884422114
7211,D,athekame,Milan,6,6,0,14,,,,,,,,,,,,,,,,,,,,,,,,,,,,,,,,,,,,,,,,,,,,,,,,,,,,,,,,,,,,,,,,,,,,,,,1.3866767028850664,1.5075376884422114
5820,D,bertola,Udinese,6,6,0,11,,,,,,,,,,,,,,,,,,,,,,,,,,,,,,,,,,,,,,,,,,,,,,,,,,,,,,,,,,,,,,,,,,,,,,,1.3866767028850664,1.5075376884422114
5851,D,doig,Sassuolo,6,6,0,17,,,,,,,,,,,,,,,,,,,,,,,,,,,,,,,,,,,,,,,,,,,,,,,,,,,,,,,,,,,,,,,,,,,,,,,1.3866767028850664,1.5075376884422114
7143,D,angori,Pisa,6,5,1,17,,,,,,,,,,,,,,,,,,,,,,,,,,,,,,,,,,,,,,,,,,,,,,,,,,,,,,,,,,,,,,,,,,,,,,,1.3866767028850664,1.5075376884422114
6632,D,gaspar,Lecce,8,8,0,19,,,,,,,,,,,,,,,,,,,,,,,,,,,,,,,,,,,,,,,,,,,,,,,,,,,,,,,,,,,,,,,,,,,,,,,1.3866767028850664,1.5075376884422114
7260,D,ziolkowski,Roma,3,3,0,7,,,,,,,,,,,,,,,,,,,,,,,,,,,,,,,,,,,,,,,,,,,,,,,,,,,,,,,,,,,,,,,,,,,,,,,1.3866767028850664,1.5075376884422114
7170,D,mbambi,Pisa,1,1,0,2,,,,,,,,,,,,,,,,,,,,,,,,,,,,,,,,,,,,,,,,,,,,,,,,,,,,,,,,,,,,,,,,,,,,,,,1.3866767028850664,1.5075376884422114
7182,D,ndaba,Lecce,1,1,0,2,,,,,,,,,,,,,,,,,,,,,,,,,,,,,,,,,,,,,,,,,,,,,,,,,,,,,,,,,,,,,,,,,,,,,,,1.3866767028850664,1.5075376884422114
6411,D,mateus lusuardi,Pisa,4,4,0,7,,,,,,,,,,,,,,,,,,,,,,,,,,,,,,,,,,,,,,,,,,,,,,,,,,,,,,,,,,,,,,,,,,,,,,,1.3866767028850664,1.5075376884422114
7069,D,fortini,Fiorentina,3,3,0,5,,,,,,,,,,,,,,,,,,,,,,,,,,,,,,,,,,,,,,,,,,,,,,,,,,,,,,,,,,,,,,,,,,,,,,,1.3866767028850664,1.5075376884422114
6013,D,barbieri,Cremonese,3,3,0,8,,,,,,,,,,,,,,,,,,,,,,,,,,,,,,,,,,,,,,,,,,,,,,,,,,,,,,,,,,,,,,,,,,,,,,,1.3866767028850664,1.5075376884422114
7125,D,idrissi,Cagliari,3,3,0,7,,,,,,,,,,,,,,,,,,,,,,,,,,,,,,,,,,,,,,,,,,,,,,,,,,,,,,,,,,,,,,,,,,,,,,,1.3866767028850664,1.5075376884422114
7274,D,ze pedro,Cagliari,4,4,0,9,,,,,,,,,,,,,,,,,,,,,,,,,,,,,,,,,,,,,,,,,,,,,,,,,,,,,,,,,,,,,,,,,,,,,,,1.3866767028850664,1.5075376884422114
7240,D,siebert,Lecce,4,5,-1,11,,,,,,,,,,,,,,,,,,,,,,,,,,,,,,,,,,,,,,,,,,,,,,,,,,,,,,,,,,,,,,,,,,,,,,,1.3866767028850664,1.5075376884422114
7220,D,belghali,Verona,4,4,0,12,,,,,,,,,,,,,,,,,,,,,,,,,,,,,,,,,,,,,,,,,,,,,,,,,,,,,,,,,,,,,,,,,,,,,,,1.3866767028850664,1.5075376884422114
2279,D,romagna,Sassuolo,4,4,0,9,,,,,,,,,,,,,,,,,,,,,,,,,,,,,,,,,,,,,,,,,,,,,,,,,,,,,,,,,,,,,,,,,,,,,,,1.3866767028850664,1.5075376884422114
2745,D,calabresi,Pisa,4,3,1,8,,,,,,,,,,,,,,,,,,,,,,,,,,,,,,,,,,,,,,,,,,,,,,,,,,,,,,,,,,,,,,,,,,,,,,,1.3866767028850664,1.5075376884422114
7139,D,canestrelli,Pisa,4,3,1,12,,,,,,,,,,,,,,,,,,,,,,,,,,,,,,,,,,,,,,,,,,,,,,,,,,,,,,,,,,,,,,,,,,,,,,,1.3866767028850664,1.5075376884422114
7142,D,esteves,Pisa,1,1,0,2,,,,,,,,,,,,,,,,,,,,,,,,,,,,,,,,,,,,,,,,,,,,,,,,,,,,,,,,,,,,,,,,,,,,,,,1.3866767028850664,1.5075376884422114
7136,D,kouassi,Lecce,4,4,0,10,,,,,,,,,,,,,,,,,,,,,,,,,,,,,,,,,,,,,,,,,,,,,,,,,,,,,,,,,,,,,,,,,,,,,,,1.3866767028850664,1.5075376884422114
7012,D,provstgaard,Lazio,4,3,1,5,,,,,,,,,,,,,,,,,,,,,,,,,,,,,,,,,,,,,,,,,,,,,,,,,,,,,,,,,,,,,,,,,,,,,,,1.3866767028850664,1.5075376884422114
1891,D,ceccherini,Cremonese,4,4,0,11,,,,,,,,,,,,,,,,,,,,,,,,,,,,,,,,,,,,,,,,,,,,,,,,,,,,,,,,,,,,,,,,,,,,,,,1.3866767028850664,1.5075376884422114
294,D,rugani,Juventus,3,3,0,5,,,,,,,,,,,,,,,,,,,,,,,,,,,,,,,,,,,,,,,,,,,,,,,,,,,,,,,,,,,,,,,,,,,,,,,1.3866767028850664,1.5075376884422114
7154,D,odenthal,Sassuolo,3,3,0,8,,,,,,,,,,,,,,,,,,,,,,,,,,,,,,,,,,,,,,,,,,,,,,,,,,,,,,,,,,,,,,,,,,,,,,,1.3866767028850664,1.5075376884422114
6041,D,schuurs,Torino,3,3,0,5,,,,,,,,,,,,,,,,,,,,,,,,,,,,,,,,,,,,,,,,,,,,,,,,,,,,,,,,,,,,,,,,,,,,,,,1.3866767028850664,1.5075376884422114
2847,D,sernicola,Cremonese,1,1,0,2,,,,,,,,,,,,,,,,,,,,,,,,,,,,,,,,,,,,,,,,,,,,,,,,,,,,,,,,,,,,,,,,,,,,,,,1.3866767028850664,1.5075376884422114
7255,D,britschgi,Parma,1,1,0,2,,,,,,,,,,,,,,,,,,,,,,,,,,,,,,,,,,,,,,,,,,,,,,,,,,,,,,,,,,,,,,,,,,,,,,,1.3866767028850664,1.5075376884422114
7268,D,rodriguez,Cagliari,1,1,0,1,adrian rodriguez,es ESP,GK,Alavés,23.0,2000.0,2,1,122,1.4,0,0,0,0,0,0,0.0,0.0,0.0,0.0,0,0,,0.0,0.0,19,50,38.0,0,0,0,0,0,0,0.0,0,0.0,0,0,1,0,3,1,58,19,0,0,1,0,2.0,1.0,122.0,1.4,2.0,1.48,6.0,4.0,83.3,0.0,1.0,0.0,1.0,100.0,1.0,0.0,0.0,1.5,0.13,-0.5,-0.36,0.0,0.0
