team,season,wins,loss,draws,goals,goals_per90,goals_against,goals_against_per90,goals_fh,goals_sh,goals_against_fh,goals_against_sh,ts_goals,ts_goals_against
Milan,2023-24,22,7,9,76,2.0,49,1.2894736842105263,36,40,18,31,"[2, 4, 2, 1, 1, 3, 2, 1, 0, 2, 0, 2, 1, 3, 2, 3, 2, 1, 3, 3, 3, 2, 3, 1, 2, 1, 1, 1, 3, 2, 3, 3, 1, 0, 3, 5, 1, 3]","[0, 1, 1, 5, 0, 1, 0, 0, 1, 2, 1, 2, 0, 1, 3, 0, 2, 0, 0, 1, 2, 2, 2, 0, 4, 1, 0, 0, 1, 1, 0, 3, 2, 0, 3, 1, 3, 3]"
Monza,2023-24,11,15,12,39,1.0263157894736843,51,1.3421052631578947,17,22,22,29,"[0, 2, 0, 1, 1, 0, 1, 3, 0, 1, 3, 1, 1, 1, 1, 0, 0, 0, 3, 1, 0, 1, 0, 0, 4, 2, 1, 3, 1, 0, 2, 0, 1, 1, 2, 1, 0, 0]","[2, 0, 3, 1, 1, 0, 0, 0, 1, 1, 1, 1, 1, 2, 0, 3, 1, 0, 2, 5, 3, 0, 0, 0, 2, 0, 4, 2, 0, 1, 4, 0, 2, 1, 2, 2, 1, 2]"
Fiorentina,2023-24,17,12,9,61,1.605263157894737,46,1.2105263157894737,30,31,21,25,"[4, 2, 0, 3, 2, 1, 3, 3, 0, 0, 0, 2, 0, 3, 1, 1, 1, 1, 0, 2, 0, 2, 5, 0, 1, 2, 0, 2, 1, 0, 1, 2, 5, 1, 2, 2, 3, 3]","[1, 2, 4, 2, 0, 1, 0, 1, 2, 1, 1, 1, 1, 0, 1, 0, 0, 0, 1, 2, 1, 3, 1, 2, 1, 1, 0, 2, 2, 1, 1, 0, 1, 2, 1, 2, 2, 2]"
Roma,2023-24,18,11,9,65,1.7105263157894737,46,1.2105263157894737,24,41,20,26,"[2, 1, 1, 7, 1, 1, 2, 4, 1, 0, 2, 0, 3, 2, 1, 0, 2, 0, 1, 1, 2, 2, 4, 2, 3, 3, 4, 2, 1, 0, 1, 1, 2, 2, 1, 1, 1, 1]","[2, 2, 2, 0, 1, 4, 0, 1, 0, 1, 1, 0, 1, 1, 1, 2, 0, 1, 1, 3, 1, 1, 0, 4, 0, 2, 1, 2, 0, 0, 0, 3, 1, 2, 1, 2, 0, 2]"
Atalanta,2023-24,21,11,6,72,1.894736842105263,42,1.105263157894737,35,37,21,21,"[2, 1, 3, 2, 2, 1, 0, 2, 2, 3, 1, 1, 1, 0, 3, 4, 0, 1, 1, 5, 2, 3, 4, 3, 1, 0, 1, 2, 3, 1, 2, 2, 2, 2, 2, 2, 3, 2]","[0, 2, 0, 3, 0, 0, 0, 3, 0, 0, 2, 1, 2, 3, 2, 1, 1, 0, 1, 0, 0, 1, 1, 0, 1, 4, 2, 2, 0, 2, 2, 1, 0, 1, 1, 0, 0, 3]"
Bologna,2023-24,18,6,14,54,1.4210526315789473,32,0.8421052631578947,26,28,18,14,"[0, 1, 2, 0, 0, 0, 3, 2, 2, 1, 1, 1, 2, 1, 2, 2, 1, 0, 1, 1, 2, 4, 4, 2, 2, 2, 2, 0, 1, 3, 0, 0, 3, 1, 0, 2, 3, 0]","[2, 1, 1, 0, 0, 0, 0, 2, 1, 1, 0, 2, 0, 1, 1, 0, 0, 3, 1, 2, 2, 2, 0, 0, 1, 0, 1, 1, 0, 0, 0, 0, 1, 1, 0, 0, 3, 2]"
Cagliari,2023-24,8,18,12,42,1.105263157894737,68,1.7894736842105263,12,30,29,39,"[0, 0, 1, 0, 0, 1, 0, 1, 2, 4, 2, 1, 1, 0, 2, 1, 0, 0, 1, 2, 1, 1, 0, 1, 1, 1, 1, 4, 0, 1, 2, 2, 2, 0, 1, 1, 2, 2]","[0, 2, 2, 0, 2, 3, 3, 4, 2, 3, 1, 2, 1, 1, 1, 2, 2, 0, 1, 1, 3, 2, 4, 3, 1, 1, 0, 2, 1, 1, 1, 2, 2, 3, 1, 5, 0, 3]"
Empoli,2023-24,9,20,9,29,0.7631578947368421,54,1.4210526315789473,11,18,22,32,"[0, 0, 0, 0, 0, 1, 0, 0, 2, 0, 1, 1, 3, 1, 1, 0, 0, 0, 0, 1, 3, 1, 0, 3, 1, 3, 0, 0, 0, 0, 3, 0, 1, 0, 0, 0, 1, 2]","[1, 2, 2, 7, 1, 0, 3, 0, 0, 3, 2, 0, 4, 1, 1, 1, 2, 0, 3, 2, 0, 1, 0, 1, 1, 2, 1, 1, 1, 2, 2, 1, 0, 2, 0, 2, 1, 1]"
Inter,2023-24,29,2,7,89,2.3421052631578947,22,0.5789473684210527,41,48,10,12,"[2, 2, 4, 5, 1, 1, 4, 2, 3, 1, 2, 2, 1, 3, 4, 2, 2, 1, 2, 5, 1, 1, 4, 4, 4, 4, 2, 1, 1, 2, 2, 2, 2, 2, 0, 5, 1, 2]","[0, 0, 0, 1, 0, 2, 0, 2, 0, 0, 1, 0, 1, 0, 0, 0, 0, 1, 1, 1, 0, 0, 2, 0, 0, 0, 1, 0, 1, 0, 1, 2, 1, 0, 1, 0, 1, 2]"
Frosinone,2023-24,8,19,11,44,1.1578947368421053,69,1.8157894736842106,19,25,31,38,"[1, 2, 0, 4, 1, 1, 0, 2, 1, 3, 2, 0, 2, 1, 0, 1, 1, 1, 2, 0, 3, 1, 2, 1, 0, 2, 1, 0, 2, 1, 0, 2, 0, 3, 0, 0, 1, 0]","[3, 1, 0, 2, 1, 1, 2, 1, 2, 4, 1, 2, 1, 3, 0, 2, 2, 3, 3, 5, 1, 1, 3, 5, 3, 3, 1, 1, 3, 1, 0, 2, 0, 0, 0, 5, 0, 1]"
Genoa,2023-24,12,13,13,45,1.1842105263157894,45,1.1842105263157894,22,23,20,25,"[1, 1, 0, 2, 0, 4, 2, 0, 0, 1, 1, 1, 1, 1, 0, 1, 2, 1, 1, 0, 2, 2, 0, 1, 1, 2, 1, 2, 0, 1, 2, 1, 0, 3, 3, 2, 0, 2]","[4, 0, 1, 2, 1, 1, 2, 1, 2, 0, 2, 0, 2, 1, 1, 1, 1, 1, 1, 0, 1, 1, 0, 4, 1, 0, 2, 3, 0, 1, 1, 1, 1, 0, 3, 1, 1, 0]"
Hellas Verona,2023-24,9,18,11,38,1.0,51,1.3421052631578947,15,23,24,27,"[1, 2, 1, 0, 0, 0, 0, 1, 1, 0, 1, 0, 2, 3, 1, 0, 2, 0, 1, 2, 1, 1, 1, 0, 2, 0, 1, 1, 1, 1, 1, 2, 1, 0, 2, 1, 2, 2]","[0, 1, 3, 0, 1, 1, 0, 2, 3, 1, 3, 1, 2, 3, 1, 1, 0, 1, 2, 1, 2, 1, 2, 0, 2, 2, 0, 0, 3, 1, 2, 2, 0, 1, 1, 2, 1, 2]"
Juventus,2023-24,19,5,14,54,1.4210526315789473,31,0.8157894736842105,21,33,18,13,"[3, 1, 2, 3, 2, 1, 0, 2, 1, 1, 1, 2, 1, 2, 1, 1, 2, 1, 2, 3, 3, 1, 0, 0, 2, 3, 1, 2, 0, 0, 1, 0, 2, 0, 1, 1, 3, 2]","[0, 1, 0, 1, 4, 0, 0, 0, 0, 0, 0, 1, 1, 1, 0, 1, 1, 0, 1, 0, 0, 1, 1, 1, 2, 2, 2, 2, 0, 1, 0, 0, 2, 0, 1, 1, 3, 0]"
Lazio,2023-24,18,13,7,49,1.2894736842105263,39,1.0263157894736843,22,27,13,26,"[1, 0, 2, 1, 1, 2, 0, 3, 2, 1, 0, 0, 1, 1, 1, 0, 2, 3, 2, 1, 0, 1, 3, 1, 2, 1, 0, 1, 3, 1, 0, 4, 1, 1, 2, 2, 1, 1]","[2, 1, 1, 3, 1, 0, 2, 2, 0, 0, 1, 0, 2, 0, 1, 2, 0, 1, 1, 0, 0, 3, 1, 2, 0, 2, 1, 2, 2, 0, 1, 1, 0, 0, 2, 0, 1, 1]"
Napoli,2023-24,13,11,14,55,1.4473684210526316,48,1.263157894736842,19,36,20,28,"[3, 2, 1, 2, 0, 4, 4, 1, 3, 2, 2, 0, 2, 0, 0, 2, 0, 0, 0, 2, 0, 2, 0, 1, 1, 6, 2, 1, 1, 0, 4, 2, 0, 2, 1, 0, 2, 0]","[1, 0, 2, 2, 0, 1, 0, 3, 1, 2, 0, 1, 1, 3, 1, 1, 2, 0, 3, 1, 0, 1, 1, 1, 1, 1, 1, 1, 1, 3, 2, 2, 1, 2, 1, 2, 2, 0]"
Torino,2023-24,13,11,14,36,0.9473684210526315,36,0.9473684210526315,15,21,9,27,"[0, 1, 1, 3, 1, 0, 0, 0, 0, 1, 2, 1, 0, 3, 0, 1, 1, 0, 3, 0, 2, 0, 1, 2, 0, 2, 0, 1, 2, 1, 2, 0, 0, 0, 0, 2, 3, 0]","[0, 4, 0, 0, 1, 2, 0, 2, 3, 0, 1, 1, 2, 0, 0, 0, 1, 1, 0, 0, 1, 0, 1, 0, 2, 3, 0, 1, 0, 0, 3, 0, 0, 2, 0, 1, 1, 3]"
Lecce,2023-24,8,16,14,32,0.8421052631578947,54,1.4210526315789473,10,22,21,33,"[2, 2, 2, 1, 1, 0, 0, 1, 1, 0, 1, 2, 2, 1, 1, 2, 0, 0, 1, 0, 0, 1, 3, 0, 0, 0, 1, 0, 1, 0, 0, 1, 3, 1, 1, 0, 0, 0]","[1, 2, 0, 1, 0, 1, 4, 1, 1, 1, 2, 2, 2, 1, 1, 1, 2, 1, 1, 1, 3, 2, 2, 4, 2, 4, 1, 1, 0, 0, 3, 0, 0, 1, 1, 2, 2, 0]"
Salernitana,2023-24,2,25,11,32,0.8421052631578947,81,2.1315789473684212,12,20,40,41,"[2, 1, 0, 0, 1, 0, 0, 0, 2, 0, 0, 2, 2, 0, 1, 1, 2, 1, 1, 1, 1, 1, 0, 1, 0, 0, 1, 2, 0, 0, 2, 1, 0, 0, 1, 1, 1, 3]","[2, 1, 2, 3, 1, 1, 4, 3, 2, 1, 2, 2, 1, 3, 2, 4, 2, 0, 2, 2, 2, 2, 0, 3, 4, 2, 1, 4, 1, 3, 2, 4, 2, 3, 2, 1, 2, 3]"
Sassuolo,2023-24,7,22,9,43,1.131578947368421,75,1.9736842105263157,26,17,28,47,"[0, 0, 3, 2, 4, 2, 0, 1, 0, 1, 1, 2, 4, 1, 1, 2, 1, 0, 1, 0, 0, 2, 1, 0, 2, 1, 0, 1, 0, 1, 2, 3, 0, 1, 1, 1, 0, 1]","[2, 2, 1, 4, 2, 1, 1, 1, 2, 1, 2, 2, 3, 2, 2, 2, 2, 1, 0, 3, 1, 4, 1, 3, 3, 6, 1, 0, 1, 1, 2, 3, 3, 5, 0, 2, 2, 1]"
Udinese,2023-24,6,13,19,37,0.9736842105263158,53,1.394736842105263,16,21,24,29,"[0, 1, 0, 0, 0, 1, 2, 0, 1, 1, 1, 1, 1, 3, 0, 2, 1, 3, 1, 2, 2, 0, 0, 1, 1, 0, 1, 2, 0, 1, 1, 0, 1, 1, 1, 2, 1, 1]","[3, 1, 0, 0, 2, 4, 2, 0, 1, 1, 0, 1, 3, 3, 4, 2, 1, 0, 2, 2, 3, 2, 0, 0, 1, 2, 1, 1, 2, 1, 2, 1, 2, 1, 1, 0, 1, 0]"
Milan,2024-25,17,11,9,59,1.5945945945945945,43,1.162162162162162,25,34,19,24,"[2, 1, 2, 4, 2, 3, 1, 1, 0, 1, 3, 0, 3, 1, 0, 1, 1, 1, 2, 0, 3, 1, 2, 1, 1, 1, 1, 3, 2, 1, 2, 4, 0, 2, 2, 3, 1]","[2, 2, 2, 0, 1, 0, 2, 0, 2, 0, 3, 0, 0, 2, 0, 0, 1, 1, 1, 2, 2, 1, 0, 0, 2, 2, 2, 2, 1, 2, 2, 0, 1, 0, 1, 1, 3]"
Monza,2024-25,3,25,9,28,0.7567567567567568,67,1.8108108108108107,15,13,30,37,"[0, 0, 2, 1, 1, 0, 1, 3, 2, 0, 0, 0, 1, 1, 1, 1, 1, 1, 1, 2, 1, 0, 0, 1, 0, 0, 0, 2, 1, 0, 1, 0, 0, 0, 0, 2, 1]","[0, 1, 2, 1, 2, 2, 1, 0, 2, 2, 1, 1, 1, 1, 2, 2, 2, 2, 2, 1, 3, 2, 1, 5, 0, 4, 2, 3, 1, 3, 3, 1, 1, 2, 4, 1, 3]"
Fiorentina,2024-25,18,11,8,57,1.5405405405405406,39,1.054054054054054,35,22,18,21,"[1, 0, 2, 2, 2, 0, 2, 6, 5, 1, 1, 3, 2, 1, 0, 1, 2, 0, 1, 1, 2, 2, 3, 1, 0, 0, 1, 1, 3, 1, 2, 0, 2, 2, 0, 1, 3]","[1, 0, 2, 3, 1, 0, 1, 0, 1, 0, 0, 1, 0, 0, 1, 2, 2, 3, 2, 1, 1, 1, 0, 2, 2, 1, 0, 2, 0, 0, 2, 0, 1, 1, 1, 2, 2]"
Roma,2024-25,19,9,9,54,1.4594594594594594,35,0.9459459459459459,21,33,17,18,"[0, 1, 0, 1, 3, 2, 1, 0, 1, 1, 2, 2, 0, 0, 4, 0, 5, 1, 2, 2, 3, 2, 1, 1, 1, 4, 2, 1, 1, 1, 1, 1, 1, 1, 1, 1, 3]","[0, 2, 0, 1, 0, 1, 1, 1, 5, 0, 3, 3, 1, 2, 1, 2, 0, 1, 0, 2, 1, 1, 1, 0, 0, 0, 1, 0, 0, 0, 1, 1, 0, 0, 0, 2, 1]"
Atalanta,2024-25,22,7,8,76,2.054054054054054,34,0.918918918918919,36,40,18,16,"[4, 1, 0, 3, 2, 1, 5, 2, 6, 2, 3, 2, 3, 2, 2, 1, 3, 1, 0, 1, 2, 2, 1, 5, 0, 5, 0, 4, 0, 0, 0, 2, 1, 1, 4, 2, 3]","[0, 2, 4, 2, 3, 1, 1, 0, 1, 0, 0, 1, 1, 0, 1, 0, 2, 1, 0, 1, 3, 1, 1, 0, 0, 0, 0, 0, 2, 1, 1, 0, 0, 1, 0, 1, 2]"
Bologna,2024-25,16,7,14,56,1.5135135135135136,44,1.1891891891891893,16,40,19,25,"[1, 0, 1, 2, 2, 1, 0, 2, 2, 1, 3, 0, 3, 2, 1, 2, 2, 2, 2, 3, 1, 2, 0, 3, 0, 2, 2, 2, 5, 1, 1, 0, 1, 0, 1, 1, 2]","[1, 3, 1, 2, 1, 1, 0, 2, 0, 0, 2, 3, 0, 2, 0, 0, 3, 2, 2, 1, 1, 0, 0, 2, 2, 1, 1, 1, 0, 0, 1, 2, 0, 0, 1, 3, 3]"
Cagliari,2024-25,9,19,9,40,1.0810810810810811,54,1.4594594594594594,15,25,24,30,"[0, 1, 0, 0, 0, 3, 1, 3, 0, 0, 1, 3, 2, 1, 0, 0, 1, 0, 2, 1, 4, 0, 1, 2, 0, 0, 1, 1, 0, 3, 0, 1, 1, 2, 1, 1, 3]","[0, 1, 1, 4, 2, 2, 1, 2, 2, 2, 2, 3, 2, 0, 1, 1, 2, 3, 1, 1, 1, 2, 2, 1, 0, 1, 2, 1, 1, 0, 0, 3, 2, 0, 2, 3, 0]"
Como,2024-25,13,14,10,49,1.3243243243243243,50,1.3513513513513513,21,28,17,33,"[0, 1, 0, 2, 3, 3, 1, 1, 0, 1, 0, 1, 0, 1, 2, 2, 0, 2, 1, 1, 4, 1, 0, 1, 2, 2, 1, 1, 1, 1, 3, 1, 3, 1, 1, 3, 1]","[3, 1, 1, 2, 2, 2, 3, 1, 1, 5, 1, 1, 2, 1, 2, 0, 2, 0, 1, 2, 1, 2, 2, 2, 0, 1, 2, 1, 2, 1, 1, 0, 0, 0, 0, 1, 1]"
Empoli,2024-25,6,18,13,32,0.8648648648648649,57,1.5405405405405406,17,15,21,36,"[0, 2, 1, 0, 2, 0, 1, 0, 1, 0, 1, 1, 1, 0, 4, 0, 2, 1, 1, 1, 1, 1, 1, 0, 0, 0, 1, 0, 0, 1, 0, 0, 2, 1, 0, 2, 3]","[0, 1, 1, 0, 0, 0, 2, 1, 1, 3, 0, 1, 1, 3, 1, 1, 3, 2, 1, 3, 3, 1, 4, 2, 3, 5, 1, 1, 1, 1, 0, 3, 2, 2, 1, 1, 1]"
Inter,2024-25,23,5,9,77,2.081081081081081,35,0.9459459459459459,38,39,16,19,"[2, 2, 4, 1, 1, 3, 3, 1, 4, 3, 1, 1, 5, 3, 6, 2, 3, 1, 2, 3, 4, 1, 0, 2, 0, 1, 1, 3, 2, 2, 2, 3, 0, 0, 1, 2, 2]","[2, 0, 0, 1, 2, 2, 2, 0, 4, 0, 0, 1, 0, 1, 0, 0, 0, 0, 2, 1, 0, 1, 3, 1, 1, 0, 1, 2, 0, 1, 2, 1, 1, 1, 0, 0, 2]"
Genoa,2024-25,9,15,13,34,0.918918918918919,48,1.2972972972972974,9,25,18,30,"[2, 1, 0, 1, 0, 0, 1, 2, 0, 0, 1, 1, 2, 2, 0, 0, 1, 2, 0, 1, 1, 2, 1, 1, 2, 0, 1, 1, 2, 0, 1, 0, 0, 0, 1, 2, 2]","[2, 0, 2, 1, 2, 3, 5, 2, 3, 1, 0, 1, 2, 0, 0, 0, 2, 1, 0, 0, 3, 0, 2, 1, 0, 1, 1, 1, 1, 1, 0, 0, 2, 1, 2, 2, 3]"
Hellas Verona,2024-25,9,21,7,32,0.8648648648648649,65,1.7567567567567568,13,19,41,24,"[3, 0, 2, 1, 2, 2, 2, 0, 1, 0, 3, 1, 0, 0, 1, 3, 0, 3, 0, 0, 0, 1, 1, 0, 0, 1, 0, 1, 1, 0, 1, 0, 0, 0, 0, 1, 1]","[0, 3, 0, 2, 3, 3, 1, 3, 6, 1, 2, 3, 5, 1, 4, 2, 1, 2, 0, 2, 3, 1, 0, 5, 1, 0, 2, 2, 0, 0, 1, 0, 1, 2, 1, 1, 1]"
Juventus,2024-25,17,4,16,55,1.4864864864864864,33,0.8918918918918919,26,29,15,18,"[3, 3, 0, 0, 0, 3, 1, 1, 4, 2, 2, 2, 0, 1, 2, 2, 2, 2, 1, 1, 2, 1, 4, 2, 1, 1, 2, 0, 0, 1, 1, 2, 0, 2, 1, 1, 2]","[0, 0, 0, 0, 0, 0, 1, 0, 4, 2, 0, 0, 0, 1, 2, 2, 1, 2, 1, 1, 0, 2, 1, 1, 0, 0, 0, 4, 3, 0, 1, 1, 1, 0, 1, 1, 0]"
Parma,2024-25,6,16,15,41,1.1081081081081081,56,1.5135135135135136,16,25,21,35,"[1, 2, 1, 2, 2, 2, 0, 1, 1, 2, 0, 2, 1, 3, 1, 2, 0, 2, 0, 0, 1, 2, 1, 1, 0, 2, 0, 2, 1, 0, 2, 0, 1, 2, 0, 1, 0]","[1, 1, 2, 3, 2, 3, 0, 1, 1, 2, 1, 1, 3, 1, 3, 3, 5, 1, 0, 1, 1, 3, 3, 2, 1, 0, 1, 2, 1, 0, 2, 0, 0, 2, 1, 2, 0]"
Lazio,2024-25,18,8,11,61,1.6486486486486487,48,1.2972972972972974,24,37,18,30,"[3, 1, 2, 2, 1, 3, 2, 0, 3, 5, 2, 1, 3, 1, 1, 0, 2, 1, 0, 1, 3, 1, 2, 5, 2, 0, 2, 1, 0, 1, 1, 1, 2, 2, 1, 1, 2]","[1, 2, 2, 1, 2, 2, 1, 1, 0, 1, 1, 0, 0, 3, 0, 6, 1, 1, 2, 1, 0, 2, 1, 1, 2, 0, 1, 1, 5, 1, 0, 1, 0, 2, 0, 1, 2]"
Napoli,2024-25,23,4,10,57,1.5405405405405406,27,0.7297297297297297,28,29,13,14,"[0, 3, 2, 4, 0, 2, 3, 1, 1, 2, 0, 1, 1, 1, 0, 3, 2, 1, 3, 2, 3, 2, 1, 1, 2, 1, 1, 2, 0, 2, 1, 3, 1, 2, 1, 2, 0]","[3, 0, 1, 0, 0, 0, 1, 0, 0, 0, 3, 1, 0, 0, 1, 1, 1, 0, 0, 0, 2, 1, 1, 1, 2, 2, 1, 1, 0, 1, 1, 0, 0, 0, 0, 2, 0]"
Torino,2024-25,10,13,14,39,1.054054054054054,43,1.162162162162162,15,24,20,23,"[2, 2, 1, 0, 3, 2, 2, 2, 1, 0, 0, 0, 1, 0, 0, 1, 0, 2, 0, 1, 1, 2, 1, 1, 2, 2, 2, 2, 1, 1, 1, 0, 2, 0, 1, 0, 0]","[2, 1, 0, 0, 2, 3, 3, 3, 0, 1, 1, 2, 1, 1, 0, 0, 2, 2, 0, 1, 1, 0, 1, 1, 3, 1, 0, 2, 0, 1, 1, 1, 0, 2, 1, 2, 1]"
Lecce,2024-25,7,20,10,26,0.7027027027027027,58,1.5675675675675675,12,14,25,33,"[0, 0, 1, 0, 2, 0, 0, 0, 0, 1, 0, 1, 1, 1, 1, 2, 1, 0, 0, 3, 1, 0, 3, 0, 0, 0, 0, 2, 1, 0, 1, 1, 0, 1, 0, 1, 1]","[4, 2, 0, 0, 2, 3, 1, 6, 1, 0, 1, 1, 0, 1, 4, 1, 2, 2, 0, 1, 4, 4, 1, 0, 0, 1, 1, 3, 2, 1, 1, 2, 3, 1, 1, 1, 0]"
Udinese,2024-25,12,17,8,39,1.054054054054054,53,1.4324324324324325,17,22,22,31,"[1, 2, 1, 3, 0, 2, 1, 0, 2, 2, 0, 1, 1, 0, 2, 1, 2, 2, 0, 0, 1, 1, 3, 1, 3, 1, 1, 1, 0, 1, 0, 0, 0, 0, 2, 1, 0]","[1, 1, 0, 2, 3, 3, 0, 1, 0, 3, 2, 2, 1, 2, 1, 3, 1, 2, 0, 0, 4, 2, 2, 1, 0, 0, 0, 1, 1, 2, 1, 4, 2, 0, 1, 2, 2]"
Venezia,2024-25,5,18,14,30,0.8108108108108109,53,1.4324324324324325,13,17,20,33,"[1, 0, 0, 0, 2, 1, 1, 0, 2, 3, 0, 1, 0, 0, 2, 2, 2, 0, 1, 0, 1, 1, 2, 0, 0, 0, 0, 1, 0, 0, 1, 1, 2, 0, 1, 2, 0]","[3, 0, 1, 4, 0, 2, 2, 2, 2, 2, 1, 2, 1, 3, 2, 2, 1, 1, 1, 1, 1, 1, 3, 1, 2, 0, 0, 1, 0, 1, 1, 0, 2, 2, 1, 1, 3]"
Milan,2025-26,20,8,10,53,1.394736842105263,35,0.9210526315789473,20,33,17,18,"[1, 2, 1, 3, 2, 0, 2, 2, 1, 1, 2, 1, 1, 3, 2, 3, 1, 1, 1, 3, 1, 1, 3, 2, 1, 0, 2, 1, 0, 3, 0, 0, 1, 0, 0, 2, 2, 1]","[2, 0, 0, 0, 1, 0, 1, 2, 1, 0, 2, 0, 0, 2, 2, 0, 0, 1, 1, 1, 0, 1, 0, 1, 1, 1, 0, 0, 1, 2, 1, 3, 0, 0, 2, 3, 1, 2]"
Pisa,2025-26,2,24,12,26,0.6842105263157895,71,1.868421052631579,12,14,30,41,"[1, 0, 0, 2, 0, 0, 0, 2, 0, 2, 1, 2, 0, 0, 0, 2, 0, 1, 0, 2, 1, 2, 1, 0, 1, 0, 0, 0, 3, 0, 0, 0, 1, 0, 1, 0, 0, 1]","[1, 1, 1, 3, 0, 4, 0, 2, 0, 2, 0, 2, 2, 1, 1, 2, 2, 1, 3, 2, 1, 6, 3, 0, 2, 1, 1, 4, 1, 5, 1, 3, 2, 1, 2, 3, 3, 2]"
Fiorentina,2025-26,9,14,15,41,1.0789473684210527,50,1.3157894736842106,17,24,20,30,"[1, 0, 1, 1, 0, 1, 1, 2, 0, 0, 2, 1, 0, 1, 1, 5, 0, 1, 2, 1, 2, 1, 1, 2, 2, 1, 0, 0, 4, 1, 1, 1, 1, 0, 0, 0, 2, 1]","[1, 0, 3, 2, 0, 2, 2, 2, 3, 1, 2, 1, 2, 3, 2, 1, 1, 0, 2, 1, 1, 2, 2, 2, 1, 0, 3, 0, 1, 1, 0, 0, 1, 0, 4, 0, 0, 1]"
Roma,2025-26,23,11,4,59,1.5526315789473684,31,0.8157894736842105,27,32,10,21,"[1, 1, 0, 1, 2, 2, 0, 1, 2, 0, 2, 3, 0, 0, 1, 1, 3, 0, 2, 2, 2, 1, 0, 2, 2, 3, 3, 1, 1, 1, 2, 3, 1, 2, 4, 3, 2, 2]","[0, 0, 1, 0, 0, 1, 1, 0, 1, 1, 0, 1, 1, 1, 0, 2, 1, 1, 0, 0, 0, 1, 1, 0, 2, 0, 3, 2, 2, 0, 5, 0, 1, 0, 0, 2, 0, 0]"
Atalanta,2025-26,15,9,14,51,1.3421052631578947,36,0.9473684210526315,24,27,18,18,"[1, 1, 4, 3, 1, 1, 0, 1, 1, 0, 0, 1, 2, 1, 2, 1, 0, 1, 2, 2, 1, 4, 0, 2, 2, 2, 1, 2, 1, 1, 3, 0, 1, 2, 0, 3, 0, 1]","[1, 1, 1, 0, 1, 1, 0, 1, 1, 1, 3, 3, 0, 3, 1, 0, 1, 0, 0, 0, 1, 0, 0, 1, 0, 1, 2, 2, 1, 0, 0, 1, 1, 3, 0, 2, 1, 1]"
Bologna,2025-26,16,14,8,49,1.2894736842105263,46,1.2105263157894737,21,28,17,29,"[0, 1, 0, 2, 2, 4, 2, 2, 0, 3, 2, 3, 1, 1, 0, 1, 1, 0, 1, 3, 1, 2, 0, 0, 2, 1, 1, 1, 1, 0, 2, 2, 0, 0, 0, 3, 1, 3]","[1, 0, 1, 1, 2, 0, 0, 2, 0, 1, 0, 0, 3, 1, 1, 1, 3, 2, 1, 2, 2, 3, 3, 1, 1, 0, 0, 2, 0, 2, 1, 0, 2, 2, 0, 2, 0, 3]"
Cagliari,2025-26,11,17,10,40,1.0526315789473684,53,1.394736842105263,16,24,22,31,"[1, 0, 2, 2, 0, 1, 0, 2, 1, 0, 0, 3, 1, 1, 1, 2, 2, 0, 2, 0, 1, 2, 4, 0, 0, 0, 1, 1, 1, 0, 1, 1, 0, 3, 0, 0, 2, 2]","[1, 1, 0, 1, 2, 1, 2, 2, 2, 2, 0, 3, 2, 0, 2, 2, 1, 1, 2, 3, 0, 1, 0, 2, 2, 0, 1, 2, 3, 1, 2, 0, 3, 2, 0, 2, 1, 1]"
Como,2025-26,20,7,11,65,1.7105263157894737,29,0.7631578947368421,27,38,12,17,"[2, 0, 1, 2, 1, 1, 2, 0, 3, 0, 0, 5, 2, 0, 0, 3, 1, 3, 1, 1, 3, 6, 0, 1, 1, 2, 3, 2, 2, 5, 0, 3, 1, 2, 0, 1, 1, 4]","[0, 1, 1, 1, 1, 1, 0, 0, 1, 0, 0, 1, 0, 4, 1, 0, 0, 0, 1, 3, 0, 0, 0, 2, 1, 0, 1, 1, 1, 0, 0, 4, 2, 0, 0, 0, 0, 1]"
Inter,2025-26,27,5,6,89,2.3421052631578947,35,0.9210526315789473,37,52,16,19,"[5, 1, 3, 2, 2, 4, 1, 1, 3, 2, 2, 0, 2, 4, 2, 1, 3, 2, 2, 1, 1, 6, 2, 5, 3, 2, 2, 0, 1, 1, 5, 4, 3, 2, 2, 3, 1, 3]","[0, 2, 4, 1, 0, 1, 0, 3, 0, 1, 0, 1, 0, 0, 1, 0, 1, 0, 2, 0, 0, 2, 0, 0, 2, 0, 0, 1, 1, 1, 2, 3, 0, 2, 0, 0, 1, 3]"
Genoa,2025-26,10,17,11,41,1.0789473684210527,51,1.3421052631578947,16,25,23,28,"[0, 0, 1, 1, 0, 1, 0, 1, 0, 2, 2, 3, 2, 2, 1, 0, 1, 1, 1, 3, 0, 3, 2, 2, 0, 3, 0, 2, 2, 0, 0, 2, 2, 0, 0, 0, 1, 0]","[0, 1, 1, 2, 3, 2, 0, 2, 2, 1, 2, 3, 1, 1, 2, 1, 3, 1, 1, 0, 0, 2, 3, 3, 0, 0, 2, 1, 0, 2, 2, 1, 1, 2, 0, 0, 2, 1]"
Hellas Verona,2025-26,3,23,12,25,0.6578947368421053,61,1.605263157894737,15,10,24,37,"[1, 0, 0, 1, 0, 0, 0, 2, 1, 1, 0, 1, 1, 3, 2, 0, 0, 2, 0, 2, 0, 1, 0, 0, 1, 0, 1, 2, 0, 0, 0, 1, 0, 0, 1, 0, 1, 0]","[1, 4, 0, 1, 2, 1, 0, 2, 3, 2, 0, 2, 2, 1, 1, 3, 3, 2, 1, 3, 0, 3, 4, 0, 2, 3, 2, 1, 2, 1, 1, 2, 1, 0, 1, 1, 1, 2]"
Juventus,2025-26,19,7,12,61,1.605263157894737,34,0.8947368421052632,24,37,15,19,"[2, 1, 4, 1, 1, 0, 0, 0, 3, 2, 0, 1, 2, 1, 1, 2, 2, 1, 3, 5, 0, 3, 4, 2, 2, 0, 3, 4, 1, 1, 2, 1, 2, 0, 1, 1, 0, 2]","[0, 0, 3, 1, 1, 0, 2, 1, 1, 1, 0, 1, 1, 2, 0, 1, 0, 1, 0, 0, 1, 0, 1, 2, 3, 2, 3, 0, 0, 1, 0, 0, 0, 0, 1, 0, 2, 2]"
Parma,2025-26,11,15,12,28,0.7368421052631579,46,1.2105263157894737,10,18,17,29,"[0, 1, 0, 0, 2, 0, 0, 0, 1, 1, 2, 2, 0, 1, 0, 1, 1, 0, 2, 0, 0, 0, 1, 1, 2, 1, 1, 0, 1, 0, 1, 1, 1, 1, 0, 2, 0, 1]","[2, 1, 2, 0, 1, 1, 0, 0, 2, 3, 2, 1, 2, 0, 1, 0, 1, 2, 1, 0, 0, 4, 4, 0, 1, 0, 1, 0, 4, 2, 1, 1, 0, 0, 2, 3, 1, 0]"
Lazio,2025-26,14,12,12,41,1.0789473684210527,40,1.0526315789473684,16,25,19,21,"[0, 4, 0, 0, 3, 3, 0, 1, 0, 2, 0, 2, 0, 1, 1, 0, 1, 0, 2, 1, 0, 0, 3, 2, 0, 0, 0, 2, 1, 2, 1, 0, 2, 3, 2, 0, 0, 2]","[2, 0, 1, 1, 0, 3, 0, 0, 0, 0, 2, 0, 1, 1, 0, 0, 1, 2, 2, 0, 3, 0, 2, 2, 2, 0, 2, 1, 0, 0, 1, 1, 0, 3, 1, 3, 2, 1]"
Napoli,2025-26,23,8,7,58,1.5263157894736843,36,0.9473684210526315,31,27,15,21,"[2, 1, 3, 3, 1, 2, 0, 3, 1, 0, 0, 3, 1, 2, 0, 2, 2, 2, 2, 0, 1, 0, 2, 3, 2, 1, 2, 2, 2, 1, 1, 1, 0, 4, 0, 2, 3, 1]","[0, 0, 1, 2, 2, 1, 1, 1, 0, 0, 2, 1, 0, 1, 1, 0, 0, 2, 2, 0, 0, 3, 1, 2, 2, 2, 1, 1, 1, 0, 0, 1, 2, 0, 0, 3, 0, 0]"
Torino,2025-26,12,17,9,44,1.1578947368421053,63,1.6578947368421053,17,27,31,32,"[0, 0, 1, 0, 1, 3, 1, 2, 0, 2, 0, 1, 1, 2, 1, 1, 1, 3, 1, 0, 0, 0, 1, 2, 1, 0, 2, 1, 4, 2, 1, 2, 0, 2, 0, 2, 1, 2]","[5, 0, 0, 3, 2, 3, 0, 1, 0, 2, 0, 5, 2, 3, 0, 0, 2, 0, 2, 2, 2, 6, 0, 2, 2, 3, 0, 2, 1, 3, 0, 1, 0, 2, 2, 1, 2, 2]"
Cremonese,2025-26,8,20,10,32,0.8421052631578947,57,1.5,12,20,28,29,"[2, 3, 0, 0, 1, 1, 1, 1, 2, 1, 0, 1, 3, 2, 0, 0, 0, 0, 2, 0, 0, 0, 0, 1, 0, 0, 0, 1, 1, 2, 1, 0, 0, 0, 1, 3, 1, 1]","[1, 2, 0, 0, 1, 4, 1, 1, 0, 2, 1, 3, 1, 0, 1, 0, 2, 1, 2, 5, 0, 1, 2, 2, 0, 3, 2, 2, 4, 0, 2, 1, 0, 4, 2, 0, 0, 4]"
Lecce,2025-26,10,20,8,28,0.7368421052631579,50,1.3157894736842106,16,12,18,32,"[0, 0, 1, 1, 2, 1, 0, 2, 0, 1, 0, 0, 2, 0, 1, 0, 1, 0, 1, 0, 0, 0, 0, 2, 2, 0, 1, 2, 1, 0, 0, 0, 1, 0, 2, 0, 3, 1]","[0, 2, 4, 2, 2, 0, 0, 3, 1, 0, 0, 2, 1, 2, 0, 3, 1, 2, 2, 1, 1, 0, 1, 1, 0, 2, 3, 1, 2, 1, 3, 2, 1, 0, 1, 1, 2, 0]"
Sassuolo,2025-26,14,17,7,46,1.2105263157894737,50,1.3157894736842106,19,27,24,26,"[0, 2, 1, 1, 3, 1, 0, 0, 2, 1, 3, 2, 0, 3, 2, 0, 1, 1, 0, 0, 0, 1, 3, 0, 2, 3, 2, 1, 0, 1, 2, 1, 2, 0, 2, 1, 2, 0]","[2, 3, 0, 2, 1, 0, 0, 1, 1, 2, 0, 2, 2, 1, 2, 1, 1, 1, 3, 2, 1, 0, 1, 5, 1, 0, 1, 2, 1, 1, 1, 2, 1, 0, 0, 2, 3, 1]"
Udinese,2025-26,14,16,8,45,1.1842105263157894,48,1.263157894736842,19,26,20,28,"[1, 2, 1, 0, 1, 1, 1, 3, 1, 1, 0, 0, 2, 1, 1, 1, 1, 0, 2, 2, 0, 3, 1, 1, 1, 0, 3, 2, 0, 2, 0, 3, 0, 3, 2, 2, 0, 0]","[1, 1, 0, 3, 3, 1, 1, 2, 3, 0, 2, 3, 0, 2, 0, 5, 1, 1, 1, 2, 1, 1, 0, 2, 2, 1, 0, 2, 1, 0, 0, 0, 1, 3, 0, 0, 1, 1]"
